Date,Agegroup,Percent_at_least_one_dose
2020-12-16,12-17yrs,0
2020-12-16,18-29yrs,0
2020-12-16,30-39yrs,0
2020-12-16,40-49yrs,0
2020-12-16,50-59yrs,0
2020-12-16,60-69yrs,0
2020-12-16,70-79yrs,0
2020-12-16,80+,0
2020-12-16,Ontario_12plus,0
2020-12-17,12-17yrs,0
2020-12-17,18-29yrs,0
2020-12-17,30-39yrs,0
2020-12-17,40-49yrs,0
2020-12-17,50-59yrs,0
2020-12-17,60-69yrs,0
2020-12-17,70-79yrs,0
2020-12-17,80+,0
2020-12-17,Ontario_12plus,1e-04
2020-12-18,12-17yrs,0
2020-12-18,18-29yrs,0
2020-12-18,30-39yrs,0
2020-12-18,40-49yrs,0
2020-12-18,50-59yrs,0
2020-12-18,60-69yrs,0
2020-12-18,70-79yrs,0
2020-12-18,80+,0
2020-12-18,Ontario_12plus,2e-04
2020-12-19,12-17yrs,0
2020-12-19,18-29yrs,0
2020-12-19,30-39yrs,0
2020-12-19,40-49yrs,0
2020-12-19,50-59yrs,0
2020-12-19,60-69yrs,0
2020-12-19,70-79yrs,0
2020-12-19,80+,0
2020-12-19,Ontario_12plus,2e-04
2020-12-20,12-17yrs,0
2020-12-20,18-29yrs,0
2020-12-20,30-39yrs,0
2020-12-20,40-49yrs,0
2020-12-20,50-59yrs,0
2020-12-20,60-69yrs,0
2020-12-20,70-79yrs,0
2020-12-20,80+,0
2020-12-20,Ontario_12plus,2e-04
2020-12-21,12-17yrs,0
2020-12-21,18-29yrs,0
2020-12-21,30-39yrs,0
2020-12-21,40-49yrs,0
2020-12-21,50-59yrs,0
2020-12-21,60-69yrs,0
2020-12-21,70-79yrs,0
2020-12-21,80+,0
2020-12-21,Ontario_12plus,2e-04
2020-12-22,12-17yrs,0
2020-12-22,18-29yrs,0
2020-12-22,30-39yrs,0
2020-12-22,40-49yrs,0
2020-12-22,50-59yrs,0.001
2020-12-22,60-69yrs,0
2020-12-22,70-79yrs,0
2020-12-22,80+,0
2020-12-22,Ontario_12plus,3e-04
2020-12-23,12-17yrs,0
2020-12-23,18-29yrs,0
2020-12-23,30-39yrs,0
2020-12-23,40-49yrs,0.001
2020-12-23,50-59yrs,0.001
2020-12-23,60-69yrs,0
2020-12-23,70-79yrs,0
2020-12-23,80+,0
2020-12-23,Ontario_12plus,4e-04
2020-12-24,12-17yrs,0
2020-12-24,18-29yrs,0
2020-12-24,30-39yrs,0.001
2020-12-24,40-49yrs,0.001
2020-12-24,50-59yrs,0.001
2020-12-24,60-69yrs,0.001
2020-12-24,70-79yrs,0
2020-12-24,80+,0
2020-12-24,Ontario_12plus,7e-04
2020-12-25,12-17yrs,0
2020-12-25,18-29yrs,0.001
2020-12-25,30-39yrs,0.001
2020-12-25,40-49yrs,0.001
2020-12-25,50-59yrs,0.001
2020-12-25,60-69yrs,0.001
2020-12-25,70-79yrs,0
2020-12-25,80+,0
2020-12-25,Ontario_12plus,8e-04
2020-12-26,12-17yrs,0
2020-12-26,18-29yrs,0.001
2020-12-26,30-39yrs,0.001
2020-12-26,40-49yrs,0.001
2020-12-26,50-59yrs,0.001
2020-12-26,60-69yrs,0.001
2020-12-26,70-79yrs,0
2020-12-26,80+,0
2020-12-26,Ontario_12plus,8e-04
2020-12-27,12-17yrs,0
2020-12-27,18-29yrs,0.001
2020-12-27,30-39yrs,0.001
2020-12-27,40-49yrs,0.001
2020-12-27,50-59yrs,0.001
2020-12-27,60-69yrs,0.001
2020-12-27,70-79yrs,0
2020-12-27,80+,0
2020-12-27,Ontario_12plus,8e-04
2020-12-28,12-17yrs,0
2020-12-28,18-29yrs,0.001
2020-12-28,30-39yrs,0.001
2020-12-28,40-49yrs,0.001
2020-12-28,50-59yrs,0.001
2020-12-28,60-69yrs,0.001
2020-12-28,70-79yrs,0
2020-12-28,80+,0
2020-12-28,Ontario_12plus,9e-04
2020-12-29,12-17yrs,0
2020-12-29,18-29yrs,0.001
2020-12-29,30-39yrs,0.001
2020-12-29,40-49yrs,0.002
2020-12-29,50-59yrs,0.002
2020-12-29,60-69yrs,0.001
2020-12-29,70-79yrs,0
2020-12-29,80+,0
2020-12-29,Ontario_12plus,0.001
2020-12-30,12-17yrs,0
2020-12-30,18-29yrs,0.001
2020-12-30,30-39yrs,0.001
2020-12-30,40-49yrs,0.002
2020-12-30,50-59yrs,0.002
2020-12-30,60-69yrs,0.002
2020-12-30,70-79yrs,0
2020-12-30,80+,0.001
2020-12-30,Ontario_12plus,0.0014
2020-12-31,12-17yrs,0
2020-12-31,18-29yrs,0.001
2020-12-31,30-39yrs,0.002
2020-12-31,40-49yrs,0.003
2020-12-31,50-59yrs,0.003
2020-12-31,60-69yrs,0.002
2020-12-31,70-79yrs,0.001
2020-12-31,80+,0.001
2020-12-31,Ontario_12plus,0.0018
2021-01-01,12-17yrs,0
2021-01-01,18-29yrs,0.001
2021-01-01,30-39yrs,0.002
2021-01-01,40-49yrs,0.003
2021-01-01,50-59yrs,0.004
2021-01-01,60-69yrs,0.003
2021-01-01,70-79yrs,0.001
2021-01-01,80+,0.001
2021-01-01,Ontario_12plus,0.0023
2021-01-02,12-17yrs,0
2021-01-02,18-29yrs,0.002
2021-01-02,30-39yrs,0.003
2021-01-02,40-49yrs,0.004
2021-01-02,50-59yrs,0.004
2021-01-02,60-69yrs,0.003
2021-01-02,70-79yrs,0.001
2021-01-02,80+,0.002
2021-01-02,Ontario_12plus,0.0026
2021-01-03,12-17yrs,0
2021-01-03,18-29yrs,0.002
2021-01-03,30-39yrs,0.003
2021-01-03,40-49yrs,0.004
2021-01-03,50-59yrs,0.005
2021-01-03,60-69yrs,0.003
2021-01-03,70-79yrs,0.001
2021-01-03,80+,0.003
2021-01-03,Ontario_12plus,0.003
2021-01-04,12-17yrs,0
2021-01-04,18-29yrs,0.002
2021-01-04,30-39yrs,0.004
2021-01-04,40-49yrs,0.005
2021-01-04,50-59yrs,0.005
2021-01-04,60-69yrs,0.004
2021-01-04,70-79yrs,0.001
2021-01-04,80+,0.003
2021-01-04,Ontario_12plus,0.0035
2021-01-05,12-17yrs,0
2021-01-05,18-29yrs,0.003
2021-01-05,30-39yrs,0.005
2021-01-05,40-49yrs,0.006
2021-01-05,50-59yrs,0.006
2021-01-05,60-69yrs,0.004
2021-01-05,70-79yrs,0.002
2021-01-05,80+,0.004
2021-01-05,Ontario_12plus,0.0042
2021-01-06,12-17yrs,0
2021-01-06,18-29yrs,0.004
2021-01-06,30-39yrs,0.006
2021-01-06,40-49yrs,0.007
2021-01-06,50-59yrs,0.007
2021-01-06,60-69yrs,0.005
2021-01-06,70-79yrs,0.002
2021-01-06,80+,0.006
2021-01-06,Ontario_12plus,0.0051
2021-01-07,12-17yrs,0
2021-01-07,18-29yrs,0.004
2021-01-07,30-39yrs,0.007
2021-01-07,40-49yrs,0.009
2021-01-07,50-59yrs,0.009
2021-01-07,60-69yrs,0.006
2021-01-07,70-79yrs,0.003
2021-01-07,80+,0.011
2021-01-07,Ontario_12plus,0.0062
2021-01-08,12-17yrs,0
2021-01-08,18-29yrs,0.005
2021-01-08,30-39yrs,0.008
2021-01-08,40-49yrs,0.01
2021-01-08,50-59yrs,0.01
2021-01-08,60-69yrs,0.007
2021-01-08,70-79yrs,0.004
2021-01-08,80+,0.014
2021-01-08,Ontario_12plus,0.0075
2021-01-09,12-17yrs,0
2021-01-09,18-29yrs,0.006
2021-01-09,30-39yrs,0.01
2021-01-09,40-49yrs,0.012
2021-01-09,50-59yrs,0.012
2021-01-09,60-69yrs,0.009
2021-01-09,70-79yrs,0.005
2021-01-09,80+,0.019
2021-01-09,Ontario_12plus,0.0089
2021-01-10,12-17yrs,0
2021-01-10,18-29yrs,0.007
2021-01-10,30-39yrs,0.011
2021-01-10,40-49yrs,0.013
2021-01-10,50-59yrs,0.013
2021-01-10,60-69yrs,0.01
2021-01-10,70-79yrs,0.005
2021-01-10,80+,0.021
2021-01-10,Ontario_12plus,0.0097
2021-01-11,12-17yrs,0
2021-01-11,18-29yrs,0.007
2021-01-11,30-39yrs,0.012
2021-01-11,40-49yrs,0.014
2021-01-11,50-59yrs,0.014
2021-01-11,60-69yrs,0.01
2021-01-11,70-79yrs,0.006
2021-01-11,80+,0.024
2021-01-11,Ontario_12plus,0.0106
2021-01-12,12-17yrs,0
2021-01-12,18-29yrs,0.008
2021-01-12,30-39yrs,0.013
2021-01-12,40-49yrs,0.015
2021-01-12,50-59yrs,0.015
2021-01-12,60-69yrs,0.011
2021-01-12,70-79yrs,0.007
2021-01-12,80+,0.028
2021-01-12,Ontario_12plus,0.0116
2021-01-13,12-17yrs,0
2021-01-13,18-29yrs,0.008
2021-01-13,30-39yrs,0.014
2021-01-13,40-49yrs,0.016
2021-01-13,50-59yrs,0.016
2021-01-13,60-69yrs,0.012
2021-01-13,70-79yrs,0.007
2021-01-13,80+,0.034
2021-01-13,Ontario_12plus,0.0126
2021-01-14,12-17yrs,0
2021-01-14,18-29yrs,0.009
2021-01-14,30-39yrs,0.014
2021-01-14,40-49yrs,0.017
2021-01-14,50-59yrs,0.017
2021-01-14,60-69yrs,0.013
2021-01-14,70-79yrs,0.009
2021-01-14,80+,0.042
2021-01-14,Ontario_12plus,0.0139
2021-01-15,12-17yrs,0
2021-01-15,18-29yrs,0.01
2021-01-15,30-39yrs,0.016
2021-01-15,40-49yrs,0.018
2021-01-15,50-59yrs,0.019
2021-01-15,60-69yrs,0.015
2021-01-15,70-79yrs,0.01
2021-01-15,80+,0.049
2021-01-15,Ontario_12plus,0.0152
2021-01-16,12-17yrs,0
2021-01-16,18-29yrs,0.01
2021-01-16,30-39yrs,0.016
2021-01-16,40-49yrs,0.019
2021-01-16,50-59yrs,0.02
2021-01-16,60-69yrs,0.016
2021-01-16,70-79yrs,0.011
2021-01-16,80+,0.055
2021-01-16,Ontario_12plus,0.0163
2021-01-17,12-17yrs,0
2021-01-17,18-29yrs,0.01
2021-01-17,30-39yrs,0.017
2021-01-17,40-49yrs,0.019
2021-01-17,50-59yrs,0.02
2021-01-17,60-69yrs,0.016
2021-01-17,70-79yrs,0.011
2021-01-17,80+,0.06
2021-01-17,Ontario_12plus,0.0171
2021-01-18,12-17yrs,0
2021-01-18,18-29yrs,0.011
2021-01-18,30-39yrs,0.017
2021-01-18,40-49yrs,0.02
2021-01-18,50-59yrs,0.021
2021-01-18,60-69yrs,0.017
2021-01-18,70-79yrs,0.012
2021-01-18,80+,0.063
2021-01-18,Ontario_12plus,0.0176
2021-01-19,12-17yrs,0
2021-01-19,18-29yrs,0.011
2021-01-19,30-39yrs,0.018
2021-01-19,40-49yrs,0.02
2021-01-19,50-59yrs,0.022
2021-01-19,60-69yrs,0.017
2021-01-19,70-79yrs,0.013
2021-01-19,80+,0.068
2021-01-19,Ontario_12plus,0.0183
2021-01-20,12-17yrs,0
2021-01-20,18-29yrs,0.011
2021-01-20,30-39yrs,0.018
2021-01-20,40-49yrs,0.021
2021-01-20,50-59yrs,0.022
2021-01-20,60-69yrs,0.018
2021-01-20,70-79yrs,0.013
2021-01-20,80+,0.073
2021-01-20,Ontario_12plus,0.0188
2021-01-21,12-17yrs,0
2021-01-21,18-29yrs,0.011
2021-01-21,30-39yrs,0.018
2021-01-21,40-49yrs,0.021
2021-01-21,50-59yrs,0.022
2021-01-21,60-69yrs,0.018
2021-01-21,70-79yrs,0.014
2021-01-21,80+,0.077
2021-01-21,Ontario_12plus,0.0193
2021-01-22,12-17yrs,0
2021-01-22,18-29yrs,0.011
2021-01-22,30-39yrs,0.018
2021-01-22,40-49yrs,0.021
2021-01-22,50-59yrs,0.022
2021-01-22,60-69yrs,0.018
2021-01-22,70-79yrs,0.014
2021-01-22,80+,0.08
2021-01-22,Ontario_12plus,0.0196
2021-01-23,12-17yrs,0
2021-01-23,18-29yrs,0.011
2021-01-23,30-39yrs,0.018
2021-01-23,40-49yrs,0.021
2021-01-23,50-59yrs,0.022
2021-01-23,60-69yrs,0.019
2021-01-23,70-79yrs,0.015
2021-01-23,80+,0.082
2021-01-23,Ontario_12plus,0.0197
2021-01-24,12-17yrs,0
2021-01-24,18-29yrs,0.011
2021-01-24,30-39yrs,0.018
2021-01-24,40-49yrs,0.021
2021-01-24,50-59yrs,0.022
2021-01-24,60-69yrs,0.019
2021-01-24,70-79yrs,0.015
2021-01-24,80+,0.084
2021-01-24,Ontario_12plus,0.0199
2021-01-25,12-17yrs,0
2021-01-25,18-29yrs,0.011
2021-01-25,30-39yrs,0.018
2021-01-25,40-49yrs,0.021
2021-01-25,50-59yrs,0.022
2021-01-25,60-69yrs,0.019
2021-01-25,70-79yrs,0.015
2021-01-25,80+,0.085
2021-01-25,Ontario_12plus,0.0199
2021-01-26,12-17yrs,0
2021-01-26,18-29yrs,0.011
2021-01-26,30-39yrs,0.018
2021-01-26,40-49yrs,0.021
2021-01-26,50-59yrs,0.023
2021-01-26,60-69yrs,0.019
2021-01-26,70-79yrs,0.015
2021-01-26,80+,0.087
2021-01-26,Ontario_12plus,0.0201
2021-01-27,12-17yrs,0
2021-01-27,18-29yrs,0.011
2021-01-27,30-39yrs,0.018
2021-01-27,40-49yrs,0.021
2021-01-27,50-59yrs,0.023
2021-01-27,60-69yrs,0.019
2021-01-27,70-79yrs,0.016
2021-01-27,80+,0.089
2021-01-27,Ontario_12plus,0.0203
2021-01-28,12-17yrs,0
2021-01-28,18-29yrs,0.011
2021-01-28,30-39yrs,0.018
2021-01-28,40-49yrs,0.021
2021-01-28,50-59yrs,0.023
2021-01-28,60-69yrs,0.019
2021-01-28,70-79yrs,0.016
2021-01-28,80+,0.094
2021-01-28,Ontario_12plus,0.0206
2021-01-29,12-17yrs,0
2021-01-29,18-29yrs,0.011
2021-01-29,30-39yrs,0.018
2021-01-29,40-49yrs,0.021
2021-01-29,50-59yrs,0.023
2021-01-29,60-69yrs,0.019
2021-01-29,70-79yrs,0.017
2021-01-29,80+,0.097
2021-01-29,Ontario_12plus,0.0208
2021-01-30,12-17yrs,0
2021-01-30,18-29yrs,0.011
2021-01-30,30-39yrs,0.018
2021-01-30,40-49yrs,0.021
2021-01-30,50-59yrs,0.023
2021-01-30,60-69yrs,0.019
2021-01-30,70-79yrs,0.017
2021-01-30,80+,0.099
2021-01-30,Ontario_12plus,0.021
2021-01-31,12-17yrs,0
2021-01-31,18-29yrs,0.011
2021-01-31,30-39yrs,0.018
2021-01-31,40-49yrs,0.021
2021-01-31,50-59yrs,0.023
2021-01-31,60-69yrs,0.019
2021-01-31,70-79yrs,0.017
2021-01-31,80+,0.1
2021-01-31,Ontario_12plus,0.0211
2021-02-01,12-17yrs,0
2021-02-01,18-29yrs,0.011
2021-02-01,30-39yrs,0.018
2021-02-01,40-49yrs,0.021
2021-02-01,50-59yrs,0.023
2021-02-01,60-69yrs,0.019
2021-02-01,70-79yrs,0.017
2021-02-01,80+,0.1
2021-02-01,Ontario_12plus,0.0211
2021-02-02,12-17yrs,0
2021-02-02,18-29yrs,0.011
2021-02-02,30-39yrs,0.018
2021-02-02,40-49yrs,0.021
2021-02-02,50-59yrs,0.023
2021-02-02,60-69yrs,0.019
2021-02-02,70-79yrs,0.017
2021-02-02,80+,0.101
2021-02-02,Ontario_12plus,0.0211
2021-02-03,12-17yrs,0
2021-02-03,18-29yrs,0.011
2021-02-03,30-39yrs,0.018
2021-02-03,40-49yrs,0.021
2021-02-03,50-59yrs,0.023
2021-02-03,60-69yrs,0.019
2021-02-03,70-79yrs,0.017
2021-02-03,80+,0.101
2021-02-03,Ontario_12plus,0.0212
2021-02-04,12-17yrs,0
2021-02-04,18-29yrs,0.012
2021-02-04,30-39yrs,0.018
2021-02-04,40-49yrs,0.021
2021-02-04,50-59yrs,0.023
2021-02-04,60-69yrs,0.019
2021-02-04,70-79yrs,0.017
2021-02-04,80+,0.101
2021-02-04,Ontario_12plus,0.0213
2021-02-05,12-17yrs,0
2021-02-05,18-29yrs,0.012
2021-02-05,30-39yrs,0.018
2021-02-05,40-49yrs,0.021
2021-02-05,50-59yrs,0.023
2021-02-05,60-69yrs,0.019
2021-02-05,70-79yrs,0.017
2021-02-05,80+,0.102
2021-02-05,Ontario_12plus,0.0213
2021-02-06,12-17yrs,0
2021-02-06,18-29yrs,0.012
2021-02-06,30-39yrs,0.018
2021-02-06,40-49yrs,0.021
2021-02-06,50-59yrs,0.023
2021-02-06,60-69yrs,0.02
2021-02-06,70-79yrs,0.017
2021-02-06,80+,0.102
2021-02-06,Ontario_12plus,0.0214
2021-02-07,12-17yrs,0
2021-02-07,18-29yrs,0.012
2021-02-07,30-39yrs,0.018
2021-02-07,40-49yrs,0.021
2021-02-07,50-59yrs,0.023
2021-02-07,60-69yrs,0.02
2021-02-07,70-79yrs,0.017
2021-02-07,80+,0.104
2021-02-07,Ontario_12plus,0.0215
2021-02-08,12-17yrs,0
2021-02-08,18-29yrs,0.012
2021-02-08,30-39yrs,0.018
2021-02-08,40-49yrs,0.021
2021-02-08,50-59yrs,0.023
2021-02-08,60-69yrs,0.02
2021-02-08,70-79yrs,0.018
2021-02-08,80+,0.106
2021-02-08,Ontario_12plus,0.0217
2021-02-09,12-17yrs,0
2021-02-09,18-29yrs,0.012
2021-02-09,30-39yrs,0.019
2021-02-09,40-49yrs,0.022
2021-02-09,50-59yrs,0.023
2021-02-09,60-69yrs,0.02
2021-02-09,70-79yrs,0.018
2021-02-09,80+,0.109
2021-02-09,Ontario_12plus,0.0219
2021-02-10,12-17yrs,0
2021-02-10,18-29yrs,0.012
2021-02-10,30-39yrs,0.019
2021-02-10,40-49yrs,0.022
2021-02-10,50-59yrs,0.023
2021-02-10,60-69yrs,0.02
2021-02-10,70-79yrs,0.018
2021-02-10,80+,0.112
2021-02-10,Ontario_12plus,0.0222
2021-02-11,12-17yrs,0
2021-02-11,18-29yrs,0.012
2021-02-11,30-39yrs,0.019
2021-02-11,40-49yrs,0.022
2021-02-11,50-59yrs,0.023
2021-02-11,60-69yrs,0.02
2021-02-11,70-79yrs,0.019
2021-02-11,80+,0.115
2021-02-11,Ontario_12plus,0.0224
2021-02-12,12-17yrs,0
2021-02-12,18-29yrs,0.012
2021-02-12,30-39yrs,0.019
2021-02-12,40-49yrs,0.022
2021-02-12,50-59yrs,0.023
2021-02-12,60-69yrs,0.02
2021-02-12,70-79yrs,0.019
2021-02-12,80+,0.116
2021-02-12,Ontario_12plus,0.0225
2021-02-13,12-17yrs,0
2021-02-13,18-29yrs,0.012
2021-02-13,30-39yrs,0.019
2021-02-13,40-49yrs,0.022
2021-02-13,50-59yrs,0.024
2021-02-13,60-69yrs,0.02
2021-02-13,70-79yrs,0.019
2021-02-13,80+,0.117
2021-02-13,Ontario_12plus,0.0226
2021-02-14,12-17yrs,0
2021-02-14,18-29yrs,0.012
2021-02-14,30-39yrs,0.019
2021-02-14,40-49yrs,0.022
2021-02-14,50-59yrs,0.024
2021-02-14,60-69yrs,0.02
2021-02-14,70-79yrs,0.019
2021-02-14,80+,0.117
2021-02-14,Ontario_12plus,0.0226
2021-02-15,12-17yrs,0
2021-02-15,18-29yrs,0.012
2021-02-15,30-39yrs,0.019
2021-02-15,40-49yrs,0.022
2021-02-15,50-59yrs,0.024
2021-02-15,60-69yrs,0.02
2021-02-15,70-79yrs,0.019
2021-02-15,80+,0.117
2021-02-15,Ontario_12plus,0.0227
2021-02-16,12-17yrs,0
2021-02-16,18-29yrs,0.012
2021-02-16,30-39yrs,0.019
2021-02-16,40-49yrs,0.022
2021-02-16,50-59yrs,0.024
2021-02-16,60-69yrs,0.02
2021-02-16,70-79yrs,0.019
2021-02-16,80+,0.117
2021-02-16,Ontario_12plus,0.0227
2021-02-17,12-17yrs,0
2021-02-17,18-29yrs,0.012
2021-02-17,30-39yrs,0.019
2021-02-17,40-49yrs,0.022
2021-02-17,50-59yrs,0.024
2021-02-17,60-69yrs,0.02
2021-02-17,70-79yrs,0.019
2021-02-17,80+,0.117
2021-02-17,Ontario_12plus,0.0227
2021-02-18,12-17yrs,0
2021-02-18,18-29yrs,0.012
2021-02-18,30-39yrs,0.019
2021-02-18,40-49yrs,0.022
2021-02-18,50-59yrs,0.024
2021-02-18,60-69yrs,0.021
2021-02-18,70-79yrs,0.019
2021-02-18,80+,0.118
2021-02-18,Ontario_12plus,0.0229
2021-02-19,12-17yrs,0
2021-02-19,18-29yrs,0.012
2021-02-19,30-39yrs,0.019
2021-02-19,40-49yrs,0.022
2021-02-19,50-59yrs,0.024
2021-02-19,60-69yrs,0.021
2021-02-19,70-79yrs,0.02
2021-02-19,80+,0.119
2021-02-19,Ontario_12plus,0.0233
2021-02-20,12-17yrs,0
2021-02-20,18-29yrs,0.013
2021-02-20,30-39yrs,0.02
2021-02-20,40-49yrs,0.023
2021-02-20,50-59yrs,0.025
2021-02-20,60-69yrs,0.022
2021-02-20,70-79yrs,0.02
2021-02-20,80+,0.122
2021-02-20,Ontario_12plus,0.0241
2021-02-21,12-17yrs,0
2021-02-21,18-29yrs,0.013
2021-02-21,30-39yrs,0.021
2021-02-21,40-49yrs,0.024
2021-02-21,50-59yrs,0.026
2021-02-21,60-69yrs,0.023
2021-02-21,70-79yrs,0.021
2021-02-21,80+,0.124
2021-02-21,Ontario_12plus,0.0248
2021-02-22,12-17yrs,0
2021-02-22,18-29yrs,0.014
2021-02-22,30-39yrs,0.021
2021-02-22,40-49yrs,0.025
2021-02-22,50-59yrs,0.027
2021-02-22,60-69yrs,0.024
2021-02-22,70-79yrs,0.021
2021-02-22,80+,0.126
2021-02-22,Ontario_12plus,0.0255
2021-02-23,12-17yrs,0
2021-02-23,18-29yrs,0.014
2021-02-23,30-39yrs,0.022
2021-02-23,40-49yrs,0.025
2021-02-23,50-59yrs,0.028
2021-02-23,60-69yrs,0.025
2021-02-23,70-79yrs,0.022
2021-02-23,80+,0.129
2021-02-23,Ontario_12plus,0.0263
2021-02-24,12-17yrs,0
2021-02-24,18-29yrs,0.015
2021-02-24,30-39yrs,0.023
2021-02-24,40-49yrs,0.026
2021-02-24,50-59yrs,0.029
2021-02-24,60-69yrs,0.026
2021-02-24,70-79yrs,0.023
2021-02-24,80+,0.132
2021-02-24,Ontario_12plus,0.0272
2021-02-25,12-17yrs,0
2021-02-25,18-29yrs,0.016
2021-02-25,30-39yrs,0.024
2021-02-25,40-49yrs,0.028
2021-02-25,50-59yrs,0.031
2021-02-25,60-69yrs,0.027
2021-02-25,70-79yrs,0.023
2021-02-25,80+,0.134
2021-02-25,Ontario_12plus,0.0284
2021-02-26,12-17yrs,0
2021-02-26,18-29yrs,0.017
2021-02-26,30-39yrs,0.026
2021-02-26,40-49yrs,0.03
2021-02-26,50-59yrs,0.033
2021-02-26,60-69yrs,0.029
2021-02-26,70-79yrs,0.024
2021-02-26,80+,0.137
2021-02-26,Ontario_12plus,0.03
2021-02-27,12-17yrs,0
2021-02-27,18-29yrs,0.018
2021-02-27,30-39yrs,0.028
2021-02-27,40-49yrs,0.032
2021-02-27,50-59yrs,0.035
2021-02-27,60-69yrs,0.031
2021-02-27,70-79yrs,0.025
2021-02-27,80+,0.139
2021-02-27,Ontario_12plus,0.0317
2021-02-28,12-17yrs,0
2021-02-28,18-29yrs,0.019
2021-02-28,30-39yrs,0.03
2021-02-28,40-49yrs,0.034
2021-02-28,50-59yrs,0.037
2021-02-28,60-69yrs,0.032
2021-02-28,70-79yrs,0.026
2021-02-28,80+,0.141
2021-02-28,Ontario_12plus,0.0331
2021-03-01,12-17yrs,0
2021-03-01,18-29yrs,0.02
2021-03-01,30-39yrs,0.031
2021-03-01,40-49yrs,0.035
2021-03-01,50-59yrs,0.038
2021-03-01,60-69yrs,0.034
2021-03-01,70-79yrs,0.027
2021-03-01,80+,0.144
2021-03-01,Ontario_12plus,0.0344
2021-03-02,12-17yrs,0.001
2021-03-02,18-29yrs,0.021
2021-03-02,30-39yrs,0.033
2021-03-02,40-49yrs,0.037
2021-03-02,50-59yrs,0.04
2021-03-02,60-69yrs,0.035
2021-03-02,70-79yrs,0.028
2021-03-02,80+,0.15
2021-03-02,Ontario_12plus,0.036
2021-03-03,12-17yrs,0.001
2021-03-03,18-29yrs,0.022
2021-03-03,30-39yrs,0.035
2021-03-03,40-49yrs,0.039
2021-03-03,50-59yrs,0.043
2021-03-03,60-69yrs,0.037
2021-03-03,70-79yrs,0.029
2021-03-03,80+,0.158
2021-03-03,Ontario_12plus,0.038
2021-03-04,12-17yrs,0.001
2021-03-04,18-29yrs,0.024
2021-03-04,30-39yrs,0.037
2021-03-04,40-49yrs,0.041
2021-03-04,50-59yrs,0.045
2021-03-04,60-69yrs,0.039
2021-03-04,70-79yrs,0.03
2021-03-04,80+,0.17
2021-03-04,Ontario_12plus,0.0403
2021-03-05,12-17yrs,0.001
2021-03-05,18-29yrs,0.025
2021-03-05,30-39yrs,0.039
2021-03-05,40-49yrs,0.044
2021-03-05,50-59yrs,0.048
2021-03-05,60-69yrs,0.042
2021-03-05,70-79yrs,0.031
2021-03-05,80+,0.185
2021-03-05,Ontario_12plus,0.043
2021-03-06,12-17yrs,0.001
2021-03-06,18-29yrs,0.027
2021-03-06,30-39yrs,0.042
2021-03-06,40-49yrs,0.047
2021-03-06,50-59yrs,0.051
2021-03-06,60-69yrs,0.044
2021-03-06,70-79yrs,0.033
2021-03-06,80+,0.203
2021-03-06,Ontario_12plus,0.0461
2021-03-07,12-17yrs,0.001
2021-03-07,18-29yrs,0.028
2021-03-07,30-39yrs,0.043
2021-03-07,40-49yrs,0.049
2021-03-07,50-59yrs,0.053
2021-03-07,60-69yrs,0.046
2021-03-07,70-79yrs,0.034
2021-03-07,80+,0.216
2021-03-07,Ontario_12plus,0.0484
2021-03-08,12-17yrs,0.001
2021-03-08,18-29yrs,0.029
2021-03-08,30-39yrs,0.045
2021-03-08,40-49yrs,0.051
2021-03-08,50-59yrs,0.055
2021-03-08,60-69yrs,0.047
2021-03-08,70-79yrs,0.035
2021-03-08,80+,0.227
2021-03-08,Ontario_12plus,0.05
2021-03-09,12-17yrs,0.001
2021-03-09,18-29yrs,0.03
2021-03-09,30-39yrs,0.046
2021-03-09,40-49yrs,0.052
2021-03-09,50-59yrs,0.056
2021-03-09,60-69yrs,0.048
2021-03-09,70-79yrs,0.036
2021-03-09,80+,0.244
2021-03-09,Ontario_12plus,0.0521
2021-03-10,12-17yrs,0.001
2021-03-10,18-29yrs,0.031
2021-03-10,30-39yrs,0.048
2021-03-10,40-49yrs,0.054
2021-03-10,50-59yrs,0.058
2021-03-10,60-69yrs,0.05
2021-03-10,70-79yrs,0.037
2021-03-10,80+,0.265
2021-03-10,Ontario_12plus,0.0546
2021-03-11,12-17yrs,0.001
2021-03-11,18-29yrs,0.033
2021-03-11,30-39yrs,0.049
2021-03-11,40-49yrs,0.056
2021-03-11,50-59yrs,0.06
2021-03-11,60-69yrs,0.052
2021-03-11,70-79yrs,0.039
2021-03-11,80+,0.293
2021-03-11,Ontario_12plus,0.0575
2021-03-12,12-17yrs,0.001
2021-03-12,18-29yrs,0.034
2021-03-12,30-39yrs,0.051
2021-03-12,40-49yrs,0.058
2021-03-12,50-59yrs,0.062
2021-03-12,60-69yrs,0.056
2021-03-12,70-79yrs,0.041
2021-03-12,80+,0.321
2021-03-12,Ontario_12plus,0.0608
2021-03-13,12-17yrs,0.001
2021-03-13,18-29yrs,0.035
2021-03-13,30-39yrs,0.053
2021-03-13,40-49yrs,0.06
2021-03-13,50-59yrs,0.064
2021-03-13,60-69yrs,0.064
2021-03-13,70-79yrs,0.044
2021-03-13,80+,0.35
2021-03-13,Ontario_12plus,0.0649
2021-03-14,12-17yrs,0.001
2021-03-14,18-29yrs,0.036
2021-03-14,30-39yrs,0.054
2021-03-14,40-49yrs,0.061
2021-03-14,50-59yrs,0.066
2021-03-14,60-69yrs,0.073
2021-03-14,70-79yrs,0.044
2021-03-14,80+,0.371
2021-03-14,Ontario_12plus,0.068
2021-03-15,12-17yrs,0.001
2021-03-15,18-29yrs,0.037
2021-03-15,30-39yrs,0.055
2021-03-15,40-49yrs,0.062
2021-03-15,50-59yrs,0.066
2021-03-15,60-69yrs,0.08
2021-03-15,70-79yrs,0.045
2021-03-15,80+,0.388
2021-03-15,Ontario_12plus,0.0703
2021-03-16,12-17yrs,0.001
2021-03-16,18-29yrs,0.038
2021-03-16,30-39yrs,0.056
2021-03-16,40-49yrs,0.063
2021-03-16,50-59yrs,0.068
2021-03-16,60-69yrs,0.091
2021-03-16,70-79yrs,0.047
2021-03-16,80+,0.415
2021-03-16,Ontario_12plus,0.0741
2021-03-17,12-17yrs,0.001
2021-03-17,18-29yrs,0.039
2021-03-17,30-39yrs,0.057
2021-03-17,40-49yrs,0.065
2021-03-17,50-59yrs,0.07
2021-03-17,60-69yrs,0.102
2021-03-17,70-79yrs,0.05
2021-03-17,80+,0.444
2021-03-17,Ontario_12plus,0.0784
2021-03-18,12-17yrs,0.001
2021-03-18,18-29yrs,0.04
2021-03-18,30-39yrs,0.059
2021-03-18,40-49yrs,0.066
2021-03-18,50-59yrs,0.071
2021-03-18,60-69yrs,0.111
2021-03-18,70-79yrs,0.053
2021-03-18,80+,0.48
2021-03-18,Ontario_12plus,0.0828
2021-03-19,12-17yrs,0.001
2021-03-19,18-29yrs,0.041
2021-03-19,30-39yrs,0.06
2021-03-19,40-49yrs,0.068
2021-03-19,50-59yrs,0.073
2021-03-19,60-69yrs,0.121
2021-03-19,70-79yrs,0.056
2021-03-19,80+,0.517
2021-03-19,Ontario_12plus,0.0873
2021-03-20,12-17yrs,0.001
2021-03-20,18-29yrs,0.042
2021-03-20,30-39yrs,0.062
2021-03-20,40-49yrs,0.07
2021-03-20,50-59yrs,0.075
2021-03-20,60-69yrs,0.129
2021-03-20,70-79yrs,0.061
2021-03-20,80+,0.552
2021-03-20,Ontario_12plus,0.0917
2021-03-21,12-17yrs,0.001
2021-03-21,18-29yrs,0.043
2021-03-21,30-39yrs,0.063
2021-03-21,40-49yrs,0.071
2021-03-21,50-59yrs,0.076
2021-03-21,60-69yrs,0.136
2021-03-21,70-79yrs,0.065
2021-03-21,80+,0.577
2021-03-21,Ontario_12plus,0.0948
2021-03-22,12-17yrs,0.001
2021-03-22,18-29yrs,0.043
2021-03-22,30-39yrs,0.063
2021-03-22,40-49yrs,0.072
2021-03-22,50-59yrs,0.077
2021-03-22,60-69yrs,0.14
2021-03-22,70-79yrs,0.069
2021-03-22,80+,0.594
2021-03-22,Ontario_12plus,0.0971
2021-03-23,12-17yrs,0.001
2021-03-23,18-29yrs,0.044
2021-03-23,30-39yrs,0.064
2021-03-23,40-49yrs,0.073
2021-03-23,50-59yrs,0.078
2021-03-23,60-69yrs,0.145
2021-03-23,70-79yrs,0.078
2021-03-23,80+,0.623
2021-03-23,Ontario_12plus,0.1008
2021-03-24,12-17yrs,0.001
2021-03-24,18-29yrs,0.045
2021-03-24,30-39yrs,0.066
2021-03-24,40-49yrs,0.075
2021-03-24,50-59yrs,0.08
2021-03-24,60-69yrs,0.151
2021-03-24,70-79yrs,0.099
2021-03-24,80+,0.658
2021-03-24,Ontario_12plus,0.1063
2021-03-25,12-17yrs,0.001
2021-03-25,18-29yrs,0.046
2021-03-25,30-39yrs,0.068
2021-03-25,40-49yrs,0.077
2021-03-25,50-59yrs,0.082
2021-03-25,60-69yrs,0.156
2021-03-25,70-79yrs,0.125
2021-03-25,80+,0.693
2021-03-25,Ontario_12plus,0.1123
2021-03-26,12-17yrs,0.001
2021-03-26,18-29yrs,0.047
2021-03-26,30-39yrs,0.069
2021-03-26,40-49yrs,0.079
2021-03-26,50-59yrs,0.084
2021-03-26,60-69yrs,0.161
2021-03-26,70-79yrs,0.158
2021-03-26,80+,0.723
2021-03-26,Ontario_12plus,0.1185
2021-03-27,12-17yrs,0.002
2021-03-27,18-29yrs,0.049
2021-03-27,30-39yrs,0.071
2021-03-27,40-49yrs,0.081
2021-03-27,50-59yrs,0.086
2021-03-27,60-69yrs,0.165
2021-03-27,70-79yrs,0.191
2021-03-27,80+,0.745
2021-03-27,Ontario_12plus,0.1243
2021-03-28,12-17yrs,0.002
2021-03-28,18-29yrs,0.05
2021-03-28,30-39yrs,0.072
2021-03-28,40-49yrs,0.082
2021-03-28,50-59yrs,0.088
2021-03-28,60-69yrs,0.169
2021-03-28,70-79yrs,0.219
2021-03-28,80+,0.762
2021-03-28,Ontario_12plus,0.1292
2021-03-29,12-17yrs,0.002
2021-03-29,18-29yrs,0.05
2021-03-29,30-39yrs,0.073
2021-03-29,40-49yrs,0.083
2021-03-29,50-59yrs,0.09
2021-03-29,60-69yrs,0.171
2021-03-29,70-79yrs,0.245
2021-03-29,80+,0.772
2021-03-29,Ontario_12plus,0.1329
2021-03-30,12-17yrs,0.002
2021-03-30,18-29yrs,0.051
2021-03-30,30-39yrs,0.074
2021-03-30,40-49yrs,0.085
2021-03-30,50-59yrs,0.091
2021-03-30,60-69yrs,0.175
2021-03-30,70-79yrs,0.28
2021-03-30,80+,0.788
2021-03-30,Ontario_12plus,0.1381
2021-03-31,12-17yrs,0.002
2021-03-31,18-29yrs,0.053
2021-03-31,30-39yrs,0.076
2021-03-31,40-49yrs,0.087
2021-03-31,50-59yrs,0.093
2021-03-31,60-69yrs,0.178
2021-03-31,70-79yrs,0.326
2021-03-31,80+,0.804
2021-03-31,Ontario_12plus,0.1448
2021-04-01,12-17yrs,0.002
2021-04-01,18-29yrs,0.054
2021-04-01,30-39yrs,0.078
2021-04-01,40-49yrs,0.089
2021-04-01,50-59yrs,0.096
2021-04-01,60-69yrs,0.182
2021-04-01,70-79yrs,0.372
2021-04-01,80+,0.816
2021-04-01,Ontario_12plus,0.1511
2021-04-02,12-17yrs,0.002
2021-04-02,18-29yrs,0.055
2021-04-02,30-39yrs,0.079
2021-04-02,40-49yrs,0.091
2021-04-02,50-59yrs,0.098
2021-04-02,60-69yrs,0.187
2021-04-02,70-79yrs,0.419
2021-04-02,80+,0.826
2021-04-02,Ontario_12plus,0.1577
2021-04-03,12-17yrs,0.002
2021-04-03,18-29yrs,0.056
2021-04-03,30-39yrs,0.08
2021-04-03,40-49yrs,0.092
2021-04-03,50-59yrs,0.1
2021-04-03,60-69yrs,0.192
2021-04-03,70-79yrs,0.451
2021-04-03,80+,0.832
2021-04-03,Ontario_12plus,0.1621
2021-04-04,12-17yrs,0.002
2021-04-04,18-29yrs,0.057
2021-04-04,30-39yrs,0.081
2021-04-04,40-49yrs,0.093
2021-04-04,50-59yrs,0.103
2021-04-04,60-69yrs,0.2
2021-04-04,70-79yrs,0.481
2021-04-04,80+,0.838
2021-04-04,Ontario_12plus,0.1674
2021-04-05,12-17yrs,0.002
2021-04-05,18-29yrs,0.057
2021-04-05,30-39yrs,0.082
2021-04-05,40-49yrs,0.094
2021-04-05,50-59yrs,0.105
2021-04-05,60-69yrs,0.21
2021-04-05,70-79yrs,0.501
2021-04-05,80+,0.842
2021-04-05,Ontario_12plus,0.1714
2021-04-06,12-17yrs,0.002
2021-04-06,18-29yrs,0.058
2021-04-06,30-39yrs,0.083
2021-04-06,40-49yrs,0.095
2021-04-06,50-59yrs,0.11
2021-04-06,60-69yrs,0.224
2021-04-06,70-79yrs,0.527
2021-04-06,80+,0.847
2021-04-06,Ontario_12plus,0.1772
2021-04-07,12-17yrs,0.002
2021-04-07,18-29yrs,0.059
2021-04-07,30-39yrs,0.084
2021-04-07,40-49yrs,0.097
2021-04-07,50-59yrs,0.118
2021-04-07,60-69yrs,0.245
2021-04-07,70-79yrs,0.558
2021-04-07,80+,0.855
2021-04-07,Ontario_12plus,0.1851
2021-04-08,12-17yrs,0.002
2021-04-08,18-29yrs,0.06
2021-04-08,30-39yrs,0.086
2021-04-08,40-49yrs,0.099
2021-04-08,50-59yrs,0.126
2021-04-08,60-69yrs,0.269
2021-04-08,70-79yrs,0.587
2021-04-08,80+,0.861
2021-04-08,Ontario_12plus,0.1934
2021-04-09,12-17yrs,0.002
2021-04-09,18-29yrs,0.061
2021-04-09,30-39yrs,0.088
2021-04-09,40-49yrs,0.102
2021-04-09,50-59yrs,0.135
2021-04-09,60-69yrs,0.29
2021-04-09,70-79yrs,0.614
2021-04-09,80+,0.866
2021-04-09,Ontario_12plus,0.2013
2021-04-10,12-17yrs,0.002
2021-04-10,18-29yrs,0.063
2021-04-10,30-39yrs,0.09
2021-04-10,40-49yrs,0.104
2021-04-10,50-59yrs,0.145
2021-04-10,60-69yrs,0.312
2021-04-10,70-79yrs,0.638
2021-04-10,80+,0.871
2021-04-10,Ontario_12plus,0.2092
2021-04-11,12-17yrs,0.002
2021-04-11,18-29yrs,0.064
2021-04-11,30-39yrs,0.092
2021-04-11,40-49yrs,0.107
2021-04-11,50-59yrs,0.155
2021-04-11,60-69yrs,0.329
2021-04-11,70-79yrs,0.662
2021-04-11,80+,0.874
2021-04-11,Ontario_12plus,0.2163
2021-04-12,12-17yrs,0.002
2021-04-12,18-29yrs,0.065
2021-04-12,30-39yrs,0.093
2021-04-12,40-49yrs,0.109
2021-04-12,50-59yrs,0.163
2021-04-12,60-69yrs,0.345
2021-04-12,70-79yrs,0.677
2021-04-12,80+,0.877
2021-04-12,Ontario_12plus,0.222
2021-04-13,12-17yrs,0.002
2021-04-13,18-29yrs,0.066
2021-04-13,30-39yrs,0.095
2021-04-13,40-49yrs,0.112
2021-04-13,50-59yrs,0.174
2021-04-13,60-69yrs,0.365
2021-04-13,70-79yrs,0.695
2021-04-13,80+,0.88
2021-04-13,Ontario_12plus,0.2291
2021-04-14,12-17yrs,0.003
2021-04-14,18-29yrs,0.067
2021-04-14,30-39yrs,0.097
2021-04-14,40-49yrs,0.115
2021-04-14,50-59yrs,0.188
2021-04-14,60-69yrs,0.388
2021-04-14,70-79yrs,0.716
2021-04-14,80+,0.883
2021-04-14,Ontario_12plus,0.2376
2021-04-15,12-17yrs,0.003
2021-04-15,18-29yrs,0.069
2021-04-15,30-39yrs,0.099
2021-04-15,40-49yrs,0.119
2021-04-15,50-59yrs,0.201
2021-04-15,60-69yrs,0.412
2021-04-15,70-79yrs,0.732
2021-04-15,80+,0.886
2021-04-15,Ontario_12plus,0.2459
2021-04-16,12-17yrs,0.003
2021-04-16,18-29yrs,0.071
2021-04-16,30-39yrs,0.102
2021-04-16,40-49yrs,0.122
2021-04-16,50-59yrs,0.216
2021-04-16,60-69yrs,0.434
2021-04-16,70-79yrs,0.751
2021-04-16,80+,0.889
2021-04-16,Ontario_12plus,0.2543
2021-04-17,12-17yrs,0.003
2021-04-17,18-29yrs,0.072
2021-04-17,30-39yrs,0.104
2021-04-17,40-49yrs,0.126
2021-04-17,50-59yrs,0.231
2021-04-17,60-69yrs,0.457
2021-04-17,70-79yrs,0.764
2021-04-17,80+,0.892
2021-04-17,Ontario_12plus,0.2624
2021-04-18,12-17yrs,0.003
2021-04-18,18-29yrs,0.074
2021-04-18,30-39yrs,0.107
2021-04-18,40-49yrs,0.13
2021-04-18,50-59yrs,0.244
2021-04-18,60-69yrs,0.475
2021-04-18,70-79yrs,0.773
2021-04-18,80+,0.894
2021-04-18,Ontario_12plus,0.2689
2021-04-19,12-17yrs,0.003
2021-04-19,18-29yrs,0.075
2021-04-19,30-39yrs,0.109
2021-04-19,40-49yrs,0.132
2021-04-19,50-59yrs,0.254
2021-04-19,60-69yrs,0.489
2021-04-19,70-79yrs,0.778
2021-04-19,80+,0.895
2021-04-19,Ontario_12plus,0.274
2021-04-20,12-17yrs,0.003
2021-04-20,18-29yrs,0.077
2021-04-20,30-39yrs,0.111
2021-04-20,40-49yrs,0.137
2021-04-20,50-59yrs,0.269
2021-04-20,60-69yrs,0.509
2021-04-20,70-79yrs,0.785
2021-04-20,80+,0.897
2021-04-20,Ontario_12plus,0.2813
2021-04-21,12-17yrs,0.003
2021-04-21,18-29yrs,0.08
2021-04-21,30-39yrs,0.115
2021-04-21,40-49yrs,0.151
2021-04-21,50-59yrs,0.287
2021-04-21,60-69yrs,0.533
2021-04-21,70-79yrs,0.795
2021-04-21,80+,0.899
2021-04-21,Ontario_12plus,0.2916
2021-04-22,12-17yrs,0.003
2021-04-22,18-29yrs,0.083
2021-04-22,30-39yrs,0.119
2021-04-22,40-49yrs,0.167
2021-04-22,50-59yrs,0.304
2021-04-22,60-69yrs,0.557
2021-04-22,70-79yrs,0.803
2021-04-22,80+,0.901
2021-04-22,Ontario_12plus,0.3017
2021-04-23,12-17yrs,0.004
2021-04-23,18-29yrs,0.085
2021-04-23,30-39yrs,0.123
2021-04-23,40-49yrs,0.184
2021-04-23,50-59yrs,0.32
2021-04-23,60-69yrs,0.579
2021-04-23,70-79yrs,0.809
2021-04-23,80+,0.903
2021-04-23,Ontario_12plus,0.3116
2021-04-24,12-17yrs,0.004
2021-04-24,18-29yrs,0.088
2021-04-24,30-39yrs,0.127
2021-04-24,40-49yrs,0.201
2021-04-24,50-59yrs,0.337
2021-04-24,60-69yrs,0.598
2021-04-24,70-79yrs,0.816
2021-04-24,80+,0.905
2021-04-24,Ontario_12plus,0.3211
2021-04-25,12-17yrs,0.004
2021-04-25,18-29yrs,0.09
2021-04-25,30-39yrs,0.131
2021-04-25,40-49yrs,0.214
2021-04-25,50-59yrs,0.35
2021-04-25,60-69yrs,0.612
2021-04-25,70-79yrs,0.82
2021-04-25,80+,0.907
2021-04-25,Ontario_12plus,0.3285
2021-04-26,12-17yrs,0.004
2021-04-26,18-29yrs,0.092
2021-04-26,30-39yrs,0.134
2021-04-26,40-49yrs,0.222
2021-04-26,50-59yrs,0.359
2021-04-26,60-69yrs,0.622
2021-04-26,70-79yrs,0.823
2021-04-26,80+,0.908
2021-04-26,Ontario_12plus,0.3337
2021-04-27,12-17yrs,0.004
2021-04-27,18-29yrs,0.094
2021-04-27,30-39yrs,0.137
2021-04-27,40-49yrs,0.235
2021-04-27,50-59yrs,0.371
2021-04-27,60-69yrs,0.637
2021-04-27,70-79yrs,0.827
2021-04-27,80+,0.909
2021-04-27,Ontario_12plus,0.3409
2021-04-28,12-17yrs,0.004
2021-04-28,18-29yrs,0.097
2021-04-28,30-39yrs,0.142
2021-04-28,40-49yrs,0.25
2021-04-28,50-59yrs,0.384
2021-04-28,60-69yrs,0.656
2021-04-28,70-79yrs,0.833
2021-04-28,80+,0.911
2021-04-28,Ontario_12plus,0.3495
2021-04-29,12-17yrs,0.004
2021-04-29,18-29yrs,0.101
2021-04-29,30-39yrs,0.148
2021-04-29,40-49yrs,0.265
2021-04-29,50-59yrs,0.398
2021-04-29,60-69yrs,0.672
2021-04-29,70-79yrs,0.838
2021-04-29,80+,0.913
2021-04-29,Ontario_12plus,0.3584
2021-04-30,12-17yrs,0.004
2021-04-30,18-29yrs,0.105
2021-04-30,30-39yrs,0.154
2021-04-30,40-49yrs,0.279
2021-04-30,50-59yrs,0.41
2021-04-30,60-69yrs,0.687
2021-04-30,70-79yrs,0.843
2021-04-30,80+,0.915
2021-04-30,Ontario_12plus,0.3667
2021-05-01,12-17yrs,0.004
2021-05-01,18-29yrs,0.109
2021-05-01,30-39yrs,0.16
2021-05-01,40-49yrs,0.293
2021-05-01,50-59yrs,0.423
2021-05-01,60-69yrs,0.699
2021-05-01,70-79yrs,0.847
2021-05-01,80+,0.916
2021-05-01,Ontario_12plus,0.3747
2021-05-02,12-17yrs,0.005
2021-05-02,18-29yrs,0.113
2021-05-02,30-39yrs,0.165
2021-05-02,40-49yrs,0.303
2021-05-02,50-59yrs,0.433
2021-05-02,60-69yrs,0.706
2021-05-02,70-79yrs,0.85
2021-05-02,80+,0.918
2021-05-02,Ontario_12plus,0.3804
2021-05-03,12-17yrs,0.005
2021-05-03,18-29yrs,0.115
2021-05-03,30-39yrs,0.169
2021-05-03,40-49yrs,0.31
2021-05-03,50-59yrs,0.441
2021-05-03,60-69yrs,0.711
2021-05-03,70-79yrs,0.851
2021-05-03,80+,0.918
2021-05-03,Ontario_12plus,0.3846
2021-05-04,12-17yrs,0.005
2021-05-04,18-29yrs,0.12
2021-05-04,30-39yrs,0.175
2021-05-04,40-49yrs,0.323
2021-05-04,50-59yrs,0.452
2021-05-04,60-69yrs,0.718
2021-05-04,70-79yrs,0.854
2021-05-04,80+,0.92
2021-05-04,Ontario_12plus,0.3912
2021-05-05,12-17yrs,0.005
2021-05-05,18-29yrs,0.129
2021-05-05,30-39yrs,0.186
2021-05-05,40-49yrs,0.337
2021-05-05,50-59yrs,0.467
2021-05-05,60-69yrs,0.729
2021-05-05,70-79yrs,0.858
2021-05-05,80+,0.921
2021-05-05,Ontario_12plus,0.4012
2021-05-06,12-17yrs,0.005
2021-05-06,18-29yrs,0.14
2021-05-06,30-39yrs,0.199
2021-05-06,40-49yrs,0.352
2021-05-06,50-59yrs,0.481
2021-05-06,60-69yrs,0.739
2021-05-06,70-79yrs,0.862
2021-05-06,80+,0.923
2021-05-06,Ontario_12plus,0.4114
2021-05-07,12-17yrs,0.006
2021-05-07,18-29yrs,0.152
2021-05-07,30-39yrs,0.214
2021-05-07,40-49yrs,0.366
2021-05-07,50-59yrs,0.495
2021-05-07,60-69yrs,0.75
2021-05-07,70-79yrs,0.866
2021-05-07,80+,0.925
2021-05-07,Ontario_12plus,0.4223
2021-05-08,12-17yrs,0.006
2021-05-08,18-29yrs,0.164
2021-05-08,30-39yrs,0.229
2021-05-08,40-49yrs,0.38
2021-05-08,50-59yrs,0.509
2021-05-08,60-69yrs,0.758
2021-05-08,70-79yrs,0.869
2021-05-08,80+,0.926
2021-05-08,Ontario_12plus,0.4326
2021-05-09,12-17yrs,0.006
2021-05-09,18-29yrs,0.175
2021-05-09,30-39yrs,0.241
2021-05-09,40-49yrs,0.393
2021-05-09,50-59yrs,0.522
2021-05-09,60-69yrs,0.765
2021-05-09,70-79yrs,0.871
2021-05-09,80+,0.927
2021-05-09,Ontario_12plus,0.4418
2021-05-10,12-17yrs,0.007
2021-05-10,18-29yrs,0.186
2021-05-10,30-39yrs,0.252
2021-05-10,40-49yrs,0.402
2021-05-10,50-59yrs,0.532
2021-05-10,60-69yrs,0.768
2021-05-10,70-79yrs,0.872
2021-05-10,80+,0.928
2021-05-10,Ontario_12plus,0.449
2021-05-11,12-17yrs,0.007
2021-05-11,18-29yrs,0.197
2021-05-11,30-39yrs,0.264
2021-05-11,40-49yrs,0.411
2021-05-11,50-59yrs,0.542
2021-05-11,60-69yrs,0.774
2021-05-11,70-79yrs,0.874
2021-05-11,80+,0.929
2021-05-11,Ontario_12plus,0.4571
2021-05-12,12-17yrs,0.007
2021-05-12,18-29yrs,0.212
2021-05-12,30-39yrs,0.28
2021-05-12,40-49yrs,0.424
2021-05-12,50-59yrs,0.555
2021-05-12,60-69yrs,0.781
2021-05-12,70-79yrs,0.877
2021-05-12,80+,0.93
2021-05-12,Ontario_12plus,0.4675
2021-05-13,12-17yrs,0.008
2021-05-13,18-29yrs,0.226
2021-05-13,30-39yrs,0.295
2021-05-13,40-49yrs,0.436
2021-05-13,50-59yrs,0.568
2021-05-13,60-69yrs,0.788
2021-05-13,70-79yrs,0.88
2021-05-13,80+,0.931
2021-05-13,Ontario_12plus,0.4776
2021-05-14,12-17yrs,0.008
2021-05-14,18-29yrs,0.241
2021-05-14,30-39yrs,0.311
2021-05-14,40-49yrs,0.449
2021-05-14,50-59yrs,0.58
2021-05-14,60-69yrs,0.793
2021-05-14,70-79yrs,0.883
2021-05-14,80+,0.933
2021-05-14,Ontario_12plus,0.488
2021-05-15,12-17yrs,0.009
2021-05-15,18-29yrs,0.258
2021-05-15,30-39yrs,0.329
2021-05-15,40-49yrs,0.465
2021-05-15,50-59yrs,0.593
2021-05-15,60-69yrs,0.799
2021-05-15,70-79yrs,0.885
2021-05-15,80+,0.934
2021-05-15,Ontario_12plus,0.4992
2021-05-16,12-17yrs,0.009
2021-05-16,18-29yrs,0.273
2021-05-16,30-39yrs,0.344
2021-05-16,40-49yrs,0.479
2021-05-16,50-59yrs,0.604
2021-05-16,60-69yrs,0.804
2021-05-16,70-79yrs,0.887
2021-05-16,80+,0.935
2021-05-16,Ontario_12plus,0.5094
2021-05-17,12-17yrs,0.01
2021-05-17,18-29yrs,0.287
2021-05-17,30-39yrs,0.358
2021-05-17,40-49yrs,0.49
2021-05-17,50-59yrs,0.613
2021-05-17,60-69yrs,0.807
2021-05-17,70-79yrs,0.888
2021-05-17,80+,0.936
2021-05-17,Ontario_12plus,0.5177
2021-05-18,12-17yrs,0.012
2021-05-18,18-29yrs,0.3
2021-05-18,30-39yrs,0.37
2021-05-18,40-49yrs,0.5
2021-05-18,50-59yrs,0.621
2021-05-18,60-69yrs,0.809
2021-05-18,70-79yrs,0.889
2021-05-18,80+,0.936
2021-05-18,Ontario_12plus,0.5252
2021-05-19,12-17yrs,0.019
2021-05-19,18-29yrs,0.314
2021-05-19,30-39yrs,0.384
2021-05-19,40-49yrs,0.512
2021-05-19,50-59yrs,0.633
2021-05-19,60-69yrs,0.814
2021-05-19,70-79yrs,0.892
2021-05-19,80+,0.937
2021-05-19,Ontario_12plus,0.5352
2021-05-20,12-17yrs,0.03
2021-05-20,18-29yrs,0.327
2021-05-20,30-39yrs,0.398
2021-05-20,40-49yrs,0.524
2021-05-20,50-59yrs,0.644
2021-05-20,60-69yrs,0.817
2021-05-20,70-79yrs,0.893
2021-05-20,80+,0.938
2021-05-20,Ontario_12plus,0.5447
2021-05-21,12-17yrs,0.045
2021-05-21,18-29yrs,0.342
2021-05-21,30-39yrs,0.413
2021-05-21,40-49yrs,0.537
2021-05-21,50-59yrs,0.655
2021-05-21,60-69yrs,0.821
2021-05-21,70-79yrs,0.895
2021-05-21,80+,0.939
2021-05-21,Ontario_12plus,0.5552
2021-05-22,12-17yrs,0.058
2021-05-22,18-29yrs,0.36
2021-05-22,30-39yrs,0.433
2021-05-22,40-49yrs,0.555
2021-05-22,50-59yrs,0.667
2021-05-22,60-69yrs,0.825
2021-05-22,70-79yrs,0.897
2021-05-22,80+,0.94
2021-05-22,Ontario_12plus,0.5679
2021-05-23,12-17yrs,0.07
2021-05-23,18-29yrs,0.376
2021-05-23,30-39yrs,0.448
2021-05-23,40-49yrs,0.567
2021-05-23,50-59yrs,0.675
2021-05-23,60-69yrs,0.828
2021-05-23,70-79yrs,0.898
2021-05-23,80+,0.941
2021-05-23,Ontario_12plus,0.5778
2021-05-24,12-17yrs,0.085
2021-05-24,18-29yrs,0.387
2021-05-24,30-39yrs,0.459
2021-05-24,40-49yrs,0.574
2021-05-24,50-59yrs,0.68
2021-05-24,60-69yrs,0.829
2021-05-24,70-79yrs,0.899
2021-05-24,80+,0.942
2021-05-24,Ontario_12plus,0.5849
2021-05-25,12-17yrs,0.1
2021-05-25,18-29yrs,0.397
2021-05-25,30-39yrs,0.467
2021-05-25,40-49yrs,0.58
2021-05-25,50-59yrs,0.685
2021-05-25,60-69yrs,0.83
2021-05-25,70-79yrs,0.9
2021-05-25,80+,0.942
2021-05-25,Ontario_12plus,0.5911
2021-05-26,12-17yrs,0.118
2021-05-26,18-29yrs,0.409
2021-05-26,30-39yrs,0.479
2021-05-26,40-49yrs,0.589
2021-05-26,50-59yrs,0.693
2021-05-26,60-69yrs,0.833
2021-05-26,70-79yrs,0.901
2021-05-26,80+,0.943
2021-05-26,Ontario_12plus,0.5996
2021-05-27,12-17yrs,0.138
2021-05-27,18-29yrs,0.423
2021-05-27,30-39yrs,0.492
2021-05-27,40-49yrs,0.599
2021-05-27,50-59yrs,0.7
2021-05-27,60-69yrs,0.835
2021-05-27,70-79yrs,0.902
2021-05-27,80+,0.944
2021-05-27,Ontario_12plus,0.6086
2021-05-28,12-17yrs,0.157
2021-05-28,18-29yrs,0.438
2021-05-28,30-39yrs,0.506
2021-05-28,40-49yrs,0.61
2021-05-28,50-59yrs,0.708
2021-05-28,60-69yrs,0.839
2021-05-28,70-79yrs,0.904
2021-05-28,80+,0.945
2021-05-28,Ontario_12plus,0.6186
2021-05-29,12-17yrs,0.173
2021-05-29,18-29yrs,0.451
2021-05-29,30-39yrs,0.519
2021-05-29,40-49yrs,0.62
2021-05-29,50-59yrs,0.715
2021-05-29,60-69yrs,0.841
2021-05-29,70-79yrs,0.905
2021-05-29,80+,0.946
2021-05-29,Ontario_12plus,0.6274
2021-05-30,12-17yrs,0.196
2021-05-30,18-29yrs,0.465
2021-05-30,30-39yrs,0.531
2021-05-30,40-49yrs,0.629
2021-05-30,50-59yrs,0.721
2021-05-30,60-69yrs,0.844
2021-05-30,70-79yrs,0.906
2021-05-30,80+,0.946
2021-05-30,Ontario_12plus,0.6363
2021-05-31,12-17yrs,0.212
2021-05-31,18-29yrs,0.474
2021-05-31,30-39yrs,0.54
2021-05-31,40-49yrs,0.635
2021-05-31,50-59yrs,0.725
2021-05-31,60-69yrs,0.845
2021-05-31,70-79yrs,0.907
2021-05-31,80+,0.943
2021-05-31,Ontario_12plus,0.6422
2021-06-01,12-17yrs,0.225
2021-06-01,18-29yrs,0.485
2021-06-01,30-39yrs,0.55
2021-06-01,40-49yrs,0.642
2021-06-01,50-59yrs,0.729
2021-06-01,60-69yrs,0.847
2021-06-01,70-79yrs,0.908
2021-06-01,80+,0.944
2021-06-01,Ontario_12plus,0.6489
2021-06-02,12-17yrs,0.242
2021-06-02,18-29yrs,0.498
2021-06-02,30-39yrs,0.561
2021-06-02,40-49yrs,0.65
2021-06-02,50-59yrs,0.734
2021-06-02,60-69yrs,0.849
2021-06-02,70-79yrs,0.909
2021-06-02,80+,0.945
2021-06-02,Ontario_12plus,0.6564
2021-06-03,12-17yrs,0.262
2021-06-03,18-29yrs,0.509
2021-06-03,30-39yrs,0.571
2021-06-03,40-49yrs,0.658
2021-06-03,50-59yrs,0.738
2021-06-03,60-69yrs,0.851
2021-06-03,70-79yrs,0.91
2021-06-03,80+,0.946
2021-06-03,Ontario_12plus,0.6639
2021-06-04,12-17yrs,0.283
2021-06-04,18-29yrs,0.522
2021-06-04,30-39yrs,0.582
2021-06-04,40-49yrs,0.667
2021-06-04,50-59yrs,0.743
2021-06-04,60-69yrs,0.853
2021-06-04,70-79yrs,0.911
2021-06-04,80+,0.946
2021-06-04,Ontario_12plus,0.6721
2021-06-05,12-17yrs,0.304
2021-06-05,18-29yrs,0.535
2021-06-05,30-39yrs,0.594
2021-06-05,40-49yrs,0.675
2021-06-05,50-59yrs,0.747
2021-06-05,60-69yrs,0.855
2021-06-05,70-79yrs,0.913
2021-06-05,80+,0.947
2021-06-05,Ontario_12plus,0.6802
2021-06-06,12-17yrs,0.323
2021-06-06,18-29yrs,0.546
2021-06-06,30-39yrs,0.603
2021-06-06,40-49yrs,0.682
2021-06-06,50-59yrs,0.751
2021-06-06,60-69yrs,0.857
2021-06-06,70-79yrs,0.913
2021-06-06,80+,0.948
2021-06-06,Ontario_12plus,0.6871
2021-06-07,12-17yrs,0.339
2021-06-07,18-29yrs,0.553
2021-06-07,30-39yrs,0.609
2021-06-07,40-49yrs,0.687
2021-06-07,50-59yrs,0.753
2021-06-07,60-69yrs,0.858
2021-06-07,70-79yrs,0.914
2021-06-07,80+,0.948
2021-06-07,Ontario_12plus,0.6918
2021-06-08,12-17yrs,0.356
2021-06-08,18-29yrs,0.561
2021-06-08,30-39yrs,0.616
2021-06-08,40-49yrs,0.693
2021-06-08,50-59yrs,0.756
2021-06-08,60-69yrs,0.859
2021-06-08,70-79yrs,0.915
2021-06-08,80+,0.949
2021-06-08,Ontario_12plus,0.6972
2021-06-09,12-17yrs,0.375
2021-06-09,18-29yrs,0.568
2021-06-09,30-39yrs,0.622
2021-06-09,40-49yrs,0.698
2021-06-09,50-59yrs,0.759
2021-06-09,60-69yrs,0.861
2021-06-09,70-79yrs,0.916
2021-06-09,80+,0.95
2021-06-09,Ontario_12plus,0.7026
2021-06-10,12-17yrs,0.392
2021-06-10,18-29yrs,0.575
2021-06-10,30-39yrs,0.628
2021-06-10,40-49yrs,0.703
2021-06-10,50-59yrs,0.762
2021-06-10,60-69yrs,0.862
2021-06-10,70-79yrs,0.917
2021-06-10,80+,0.95
2021-06-10,Ontario_12plus,0.7076
2021-06-11,12-17yrs,0.408
2021-06-11,18-29yrs,0.582
2021-06-11,30-39yrs,0.635
2021-06-11,40-49yrs,0.708
2021-06-11,50-59yrs,0.765
2021-06-11,60-69yrs,0.864
2021-06-11,70-79yrs,0.918
2021-06-11,80+,0.951
2021-06-11,Ontario_12plus,0.7126
2021-06-12,12-17yrs,0.422
2021-06-12,18-29yrs,0.589
2021-06-12,30-39yrs,0.641
2021-06-12,40-49yrs,0.713
2021-06-12,50-59yrs,0.768
2021-06-12,60-69yrs,0.865
2021-06-12,70-79yrs,0.919
2021-06-12,80+,0.952
2021-06-12,Ontario_12plus,0.7173
2021-06-13,12-17yrs,0.436
2021-06-13,18-29yrs,0.595
2021-06-13,30-39yrs,0.646
2021-06-13,40-49yrs,0.717
2021-06-13,50-59yrs,0.77
2021-06-13,60-69yrs,0.867
2021-06-13,70-79yrs,0.92
2021-06-13,80+,0.952
2021-06-13,Ontario_12plus,0.7217
2021-06-14,12-17yrs,0.446
2021-06-14,18-29yrs,0.6
2021-06-14,30-39yrs,0.65
2021-06-14,40-49yrs,0.719
2021-06-14,50-59yrs,0.772
2021-06-14,60-69yrs,0.867
2021-06-14,70-79yrs,0.92
2021-06-14,80+,0.952
2021-06-14,Ontario_12plus,0.7246
2021-06-15,12-17yrs,0.4572
2021-06-15,18-29yrs,0.6043
2021-06-15,30-39yrs,0.6538
2021-06-15,40-49yrs,0.7221
2021-06-15,50-59yrs,0.7735
2021-06-15,60-69yrs,0.8686
2021-06-15,70-79yrs,0.9211
2021-06-15,80+,0.9529
2021-06-15,Ontario_12plus,0.7278
2021-06-16,12-17yrs,0.4704
2021-06-16,18-29yrs,0.6088
2021-06-16,30-39yrs,0.6574
2021-06-16,40-49yrs,0.7243
2021-06-16,50-59yrs,0.7751
2021-06-16,60-69yrs,0.8697
2021-06-16,70-79yrs,0.9219
2021-06-16,80+,0.9534
2021-06-16,Ontario_12plus,0.731
2021-06-17,12-17yrs,0.4817
2021-06-17,18-29yrs,0.613
2021-06-17,30-39yrs,0.6608
2021-06-17,40-49yrs,0.7265
2021-06-17,50-59yrs,0.7767
2021-06-17,60-69yrs,0.8707
2021-06-17,70-79yrs,0.9225
2021-06-17,80+,0.954
2021-06-17,Ontario_12plus,0.734
2021-06-18,12-17yrs,0.4918
2021-06-18,18-29yrs,0.6166
2021-06-18,30-39yrs,0.6639
2021-06-18,40-49yrs,0.7286
2021-06-18,50-59yrs,0.7782
2021-06-18,60-69yrs,0.8717
2021-06-18,70-79yrs,0.9233
2021-06-18,80+,0.9544
2021-06-18,Ontario_12plus,0.7366
2021-06-19,12-17yrs,0.5006
2021-06-19,18-29yrs,0.6203
2021-06-19,30-39yrs,0.6673
2021-06-19,40-49yrs,0.7308
2021-06-19,50-59yrs,0.7798
2021-06-19,60-69yrs,0.8727
2021-06-19,70-79yrs,0.9239
2021-06-19,80+,0.9549
2021-06-19,Ontario_12plus,0.7393
2021-06-20,12-17yrs,0.5112
2021-06-20,18-29yrs,0.6243
2021-06-20,30-39yrs,0.6704
2021-06-20,40-49yrs,0.7329
2021-06-20,50-59yrs,0.7812
2021-06-20,60-69yrs,0.8736
2021-06-20,70-79yrs,0.9245
2021-06-20,80+,0.9552
2021-06-20,Ontario_12plus,0.742
2021-06-21,12-17yrs,0.5168
2021-06-21,18-29yrs,0.6267
2021-06-21,30-39yrs,0.6723
2021-06-21,40-49yrs,0.734
2021-06-21,50-59yrs,0.782
2021-06-21,60-69yrs,0.8741
2021-06-21,70-79yrs,0.9248
2021-06-21,80+,0.9554
2021-06-21,Ontario_12plus,0.7436
2021-06-22,12-17yrs,0.523
2021-06-22,18-29yrs,0.6297
2021-06-22,30-39yrs,0.6748
2021-06-22,40-49yrs,0.7357
2021-06-22,50-59yrs,0.7833
2021-06-22,60-69yrs,0.875
2021-06-22,70-79yrs,0.9254
2021-06-22,80+,0.9558
2021-06-22,Ontario_12plus,0.7456
2021-06-23,12-17yrs,0.5299
2021-06-23,18-29yrs,0.6328
2021-06-23,30-39yrs,0.6775
2021-06-23,40-49yrs,0.7375
2021-06-23,50-59yrs,0.7848
2021-06-23,60-69yrs,0.876
2021-06-23,70-79yrs,0.926
2021-06-23,80+,0.9562
2021-06-23,Ontario_12plus,0.7479
2021-06-24,12-17yrs,0.5361
2021-06-24,18-29yrs,0.6357
2021-06-24,30-39yrs,0.6799
2021-06-24,40-49yrs,0.7392
2021-06-24,50-59yrs,0.7861
2021-06-24,60-69yrs,0.8769
2021-06-24,70-79yrs,0.9266
2021-06-24,80+,0.9567
2021-06-24,Ontario_12plus,0.7499
2021-06-25,12-17yrs,0.542
2021-06-25,18-29yrs,0.6388
2021-06-25,30-39yrs,0.6825
2021-06-25,40-49yrs,0.741
2021-06-25,50-59yrs,0.7875
2021-06-25,60-69yrs,0.8778
2021-06-25,70-79yrs,0.9272
2021-06-25,80+,0.9571
2021-06-25,Ontario_12plus,0.752
2021-06-26,12-17yrs,0.5482
2021-06-26,18-29yrs,0.642
2021-06-26,30-39yrs,0.6855
2021-06-26,40-49yrs,0.743
2021-06-26,50-59yrs,0.7889
2021-06-26,60-69yrs,0.8788
2021-06-26,70-79yrs,0.9278
2021-06-26,80+,0.9575
2021-06-26,Ontario_12plus,0.7543
2021-06-27,12-17yrs,0.5551
2021-06-27,18-29yrs,0.6451
2021-06-27,30-39yrs,0.688
2021-06-27,40-49yrs,0.7448
2021-06-27,50-59yrs,0.7902
2021-06-27,60-69yrs,0.8795
2021-06-27,70-79yrs,0.9282
2021-06-27,80+,0.9578
2021-06-27,Ontario_12plus,0.7564
2021-06-28,12-17yrs,0.5593
2021-06-28,18-29yrs,0.6474
2021-06-28,30-39yrs,0.69
2021-06-28,40-49yrs,0.7461
2021-06-28,50-59yrs,0.7911
2021-06-28,60-69yrs,0.88
2021-06-28,70-79yrs,0.9286
2021-06-28,80+,0.958
2021-06-28,Ontario_12plus,0.7578
2021-06-29,12-17yrs,0.5641
2021-06-29,18-29yrs,0.6504
2021-06-29,30-39yrs,0.6926
2021-06-29,40-49yrs,0.7479
2021-06-29,50-59yrs,0.7925
2021-06-29,60-69yrs,0.881
2021-06-29,70-79yrs,0.9292
2021-06-29,80+,0.9584
2021-06-29,Ontario_12plus,0.7599
2021-06-30,12-17yrs,0.5682
2021-06-30,18-29yrs,0.6531
2021-06-30,30-39yrs,0.6949
2021-06-30,40-49yrs,0.7495
2021-06-30,50-59yrs,0.7938
2021-06-30,60-69yrs,0.8819
2021-06-30,70-79yrs,0.9298
2021-06-30,80+,0.9589
2021-06-30,Ontario_12plus,0.7617
2021-07-01,12-17yrs,0.5726
2021-07-01,18-29yrs,0.6559
2021-07-01,30-39yrs,0.6973
2021-07-01,40-49yrs,0.7513
2021-07-01,50-59yrs,0.7952
2021-07-01,60-69yrs,0.8828
2021-07-01,70-79yrs,0.9304
2021-07-01,80+,0.9594
2021-07-01,Ontario_12plus,0.7636
2021-07-02,12-17yrs,0.5747
2021-07-02,18-29yrs,0.6572
2021-07-02,30-39yrs,0.6983
2021-07-02,40-49yrs,0.752
2021-07-02,50-59yrs,0.7958
2021-07-02,60-69yrs,0.8831
2021-07-02,70-79yrs,0.9307
2021-07-02,80+,0.9596
2021-07-02,Ontario_12plus,0.7644
2021-07-03,12-17yrs,0.5778
2021-07-03,18-29yrs,0.6593
2021-07-03,30-39yrs,0.7002
2021-07-03,40-49yrs,0.7535
2021-07-03,50-59yrs,0.7969
2021-07-03,60-69yrs,0.8839
2021-07-03,70-79yrs,0.9311
2021-07-03,80+,0.9598
2021-07-03,Ontario_12plus,0.7659
2021-07-04,12-17yrs,0.581
2021-07-04,18-29yrs,0.6616
2021-07-04,30-39yrs,0.702
2021-07-04,40-49yrs,0.7548
2021-07-04,50-59yrs,0.7979
2021-07-04,60-69yrs,0.8845
2021-07-04,70-79yrs,0.9316
2021-07-04,80+,0.9601
2021-07-04,Ontario_12plus,0.7673
2021-07-05,12-17yrs,0.5832
2021-07-05,18-29yrs,0.663
2021-07-05,30-39yrs,0.7032
2021-07-05,40-49yrs,0.7557
2021-07-05,50-59yrs,0.7985
2021-07-05,60-69yrs,0.8849
2021-07-05,70-79yrs,0.9318
2021-07-05,80+,0.9602
2021-07-05,Ontario_12plus,0.7683
2021-07-06,12-17yrs,0.5861
2021-07-06,18-29yrs,0.6652
2021-07-06,30-39yrs,0.705
2021-07-06,40-49yrs,0.7571
2021-07-06,50-59yrs,0.7997
2021-07-06,60-69yrs,0.8857
2021-07-06,70-79yrs,0.9323
2021-07-06,80+,0.9606
2021-07-06,Ontario_12plus,0.7698
2021-07-07,12-17yrs,0.5887
2021-07-07,18-29yrs,0.6673
2021-07-07,30-39yrs,0.7068
2021-07-07,40-49yrs,0.7584
2021-07-07,50-59yrs,0.8009
2021-07-07,60-69yrs,0.8866
2021-07-07,70-79yrs,0.9329
2021-07-07,80+,0.9609
2021-07-07,Ontario_12plus,0.7712
2021-07-08,12-17yrs,0.5924
2021-07-08,18-29yrs,0.6703
2021-07-08,30-39yrs,0.7093
2021-07-08,40-49yrs,0.7604
2021-07-08,50-59yrs,0.8024
2021-07-08,60-69yrs,0.8876
2021-07-08,70-79yrs,0.9336
2021-07-08,80+,0.9614
2021-07-08,Ontario_12plus,0.7731
2021-07-09,12-17yrs,0.5957
2021-07-09,18-29yrs,0.6727
2021-07-09,30-39yrs,0.7114
2021-07-09,40-49yrs,0.762
2021-07-09,50-59yrs,0.8037
2021-07-09,60-69yrs,0.8886
2021-07-09,70-79yrs,0.9342
2021-07-09,80+,0.9618
2021-07-09,Ontario_12plus,0.7748
2021-07-10,12-17yrs,0.5983
2021-07-10,18-29yrs,0.6751
2021-07-10,30-39yrs,0.7135
2021-07-10,40-49yrs,0.7637
2021-07-10,50-59yrs,0.805
2021-07-10,60-69yrs,0.8895
2021-07-10,70-79yrs,0.9348
2021-07-10,80+,0.9622
2021-07-10,Ontario_12plus,0.7764
2021-07-11,12-17yrs,0.6012
2021-07-11,18-29yrs,0.6772
2021-07-11,30-39yrs,0.7152
2021-07-11,40-49yrs,0.7649
2021-07-11,50-59yrs,0.8059
2021-07-11,60-69yrs,0.8901
2021-07-11,70-79yrs,0.9352
2021-07-11,80+,0.9624
2021-07-11,Ontario_12plus,0.7777
2021-07-12,12-17yrs,0.6035
2021-07-12,18-29yrs,0.6785
2021-07-12,30-39yrs,0.7162
2021-07-12,40-49yrs,0.7657
2021-07-12,50-59yrs,0.8065
2021-07-12,60-69yrs,0.8904
2021-07-12,70-79yrs,0.9354
2021-07-12,80+,0.9625
2021-07-12,Ontario_12plus,0.7786
2021-07-13,12-17yrs,0.6064
2021-07-13,18-29yrs,0.6807
2021-07-13,30-39yrs,0.718
2021-07-13,40-49yrs,0.7671
2021-07-13,50-59yrs,0.8076
2021-07-13,60-69yrs,0.8912
2021-07-13,70-79yrs,0.9359
2021-07-13,80+,0.9629
2021-07-13,Ontario_12plus,0.7801
2021-07-14,12-17yrs,0.6097
2021-07-14,18-29yrs,0.683
2021-07-14,30-39yrs,0.7199
2021-07-14,40-49yrs,0.7685
2021-07-14,50-59yrs,0.8087
2021-07-14,60-69yrs,0.892
2021-07-14,70-79yrs,0.9365
2021-07-14,80+,0.9632
2021-07-14,Ontario_12plus,0.7816
2021-07-15,12-17yrs,0.613
2021-07-15,18-29yrs,0.6852
2021-07-15,30-39yrs,0.7217
2021-07-15,40-49yrs,0.7699
2021-07-15,50-59yrs,0.8099
2021-07-15,60-69yrs,0.8928
2021-07-15,70-79yrs,0.937
2021-07-15,80+,0.9636
2021-07-15,Ontario_12plus,0.7831
2021-07-16,12-17yrs,0.6165
2021-07-16,18-29yrs,0.6874
2021-07-16,30-39yrs,0.7236
2021-07-16,40-49yrs,0.7714
2021-07-16,50-59yrs,0.811
2021-07-16,60-69yrs,0.8937
2021-07-16,70-79yrs,0.9377
2021-07-16,80+,0.964
2021-07-16,Ontario_12plus,0.7847
2021-07-17,12-17yrs,0.6197
2021-07-17,18-29yrs,0.6897
2021-07-17,30-39yrs,0.7256
2021-07-17,40-49yrs,0.7729
2021-07-17,50-59yrs,0.8122
2021-07-17,60-69yrs,0.8946
2021-07-17,70-79yrs,0.9383
2021-07-17,80+,0.9643
2021-07-17,Ontario_12plus,0.7862
2021-07-18,12-17yrs,0.6226
2021-07-18,18-29yrs,0.6916
2021-07-18,30-39yrs,0.7271
2021-07-18,40-49yrs,0.774
2021-07-18,50-59yrs,0.8131
2021-07-18,60-69yrs,0.8951
2021-07-18,70-79yrs,0.9386
2021-07-18,80+,0.9645
2021-07-18,Ontario_12plus,0.7875
2021-07-19,12-17yrs,0.6249
2021-07-19,18-29yrs,0.6928
2021-07-19,30-39yrs,0.728
2021-07-19,40-49yrs,0.7747
2021-07-19,50-59yrs,0.8136
2021-07-19,60-69yrs,0.8955
2021-07-19,70-79yrs,0.9388
2021-07-19,80+,0.9646
2021-07-19,Ontario_12plus,0.7882
2021-07-20,12-17yrs,0.6279
2021-07-20,18-29yrs,0.6947
2021-07-20,30-39yrs,0.7295
2021-07-20,40-49yrs,0.776
2021-07-20,50-59yrs,0.8146
2021-07-20,60-69yrs,0.8963
2021-07-20,70-79yrs,0.9394
2021-07-20,80+,0.9649
2021-07-20,Ontario_12plus,0.7896
2021-07-21,12-17yrs,0.6312
2021-07-21,18-29yrs,0.6965
2021-07-21,30-39yrs,0.7311
2021-07-21,40-49yrs,0.7772
2021-07-21,50-59yrs,0.8156
2021-07-21,60-69yrs,0.897
2021-07-21,70-79yrs,0.9399
2021-07-21,80+,0.9653
2021-07-21,Ontario_12plus,0.7909
2021-07-22,12-17yrs,0.6344
2021-07-22,18-29yrs,0.6984
2021-07-22,30-39yrs,0.7327
2021-07-22,40-49yrs,0.7785
2021-07-22,50-59yrs,0.8167
2021-07-22,60-69yrs,0.8978
2021-07-22,70-79yrs,0.9406
2021-07-22,80+,0.9656
2021-07-22,Ontario_12plus,0.7923
2021-07-23,12-17yrs,0.6376
2021-07-23,18-29yrs,0.7001
2021-07-23,30-39yrs,0.7342
2021-07-23,40-49yrs,0.7798
2021-07-23,50-59yrs,0.8177
2021-07-23,60-69yrs,0.8986
2021-07-23,70-79yrs,0.9412
2021-07-23,80+,0.966
2021-07-23,Ontario_12plus,0.7936
2021-07-24,12-17yrs,0.6411
2021-07-24,18-29yrs,0.702
2021-07-24,30-39yrs,0.7359
2021-07-24,40-49yrs,0.7812
2021-07-24,50-59yrs,0.8188
2021-07-24,60-69yrs,0.8994
2021-07-24,70-79yrs,0.9418
2021-07-24,80+,0.9664
2021-07-24,Ontario_12plus,0.7951
2021-07-25,12-17yrs,0.6441
2021-07-25,18-29yrs,0.7036
2021-07-25,30-39yrs,0.7372
2021-07-25,40-49yrs,0.7823
2021-07-25,50-59yrs,0.8196
2021-07-25,60-69yrs,0.9
2021-07-25,70-79yrs,0.9421
2021-07-25,80+,0.9667
2021-07-25,Ontario_12plus,0.7962
2021-07-26,12-17yrs,0.6462
2021-07-26,18-29yrs,0.7047
2021-07-26,30-39yrs,0.7381
2021-07-26,40-49yrs,0.783
2021-07-26,50-59yrs,0.8202
2021-07-26,60-69yrs,0.9003
2021-07-26,70-79yrs,0.9423
2021-07-26,80+,0.9669
2021-07-26,Ontario_12plus,0.797
2021-07-27,12-17yrs,0.6492
2021-07-27,18-29yrs,0.7063
2021-07-27,30-39yrs,0.7395
2021-07-27,40-49yrs,0.7841
2021-07-27,50-59yrs,0.821
2021-07-27,60-69yrs,0.901
2021-07-27,70-79yrs,0.9429
2021-07-27,80+,0.9672
2021-07-27,Ontario_12plus,0.7982
2021-07-28,12-17yrs,0.6525
2021-07-28,18-29yrs,0.7079
2021-07-28,30-39yrs,0.741
2021-07-28,40-49yrs,0.7854
2021-07-28,50-59yrs,0.822
2021-07-28,60-69yrs,0.9018
2021-07-28,70-79yrs,0.9435
2021-07-28,80+,0.9675
2021-07-28,Ontario_12plus,0.7995
2021-07-29,12-17yrs,0.6563
2021-07-29,18-29yrs,0.7096
2021-07-29,30-39yrs,0.7424
2021-07-29,40-49yrs,0.7865
2021-07-29,50-59yrs,0.823
2021-07-29,60-69yrs,0.9025
2021-07-29,70-79yrs,0.944
2021-07-29,80+,0.9679
2021-07-29,Ontario_12plus,0.8008
2021-07-30,12-17yrs,0.6601
2021-07-30,18-29yrs,0.7112
2021-07-30,30-39yrs,0.7437
2021-07-30,40-49yrs,0.7877
2021-07-30,50-59yrs,0.8238
2021-07-30,60-69yrs,0.9032
2021-07-30,70-79yrs,0.9445
2021-07-30,80+,0.9682
2021-07-30,Ontario_12plus,0.802
2021-07-31,12-17yrs,0.6636
2021-07-31,18-29yrs,0.7126
2021-07-31,30-39yrs,0.7451
2021-07-31,40-49yrs,0.7888
2021-07-31,50-59yrs,0.8247
2021-07-31,60-69yrs,0.9039
2021-07-31,70-79yrs,0.9449
2021-07-31,80+,0.9685
2021-07-31,Ontario_12plus,0.8032
2021-08-01,12-17yrs,0.6661
2021-08-01,18-29yrs,0.7138
2021-08-01,30-39yrs,0.746
2021-08-01,40-49yrs,0.7896
2021-08-01,50-59yrs,0.8253
2021-08-01,60-69yrs,0.9042
2021-08-01,70-79yrs,0.9452
2021-08-01,80+,0.9687
2021-08-01,Ontario_12plus,0.804
2021-08-02,12-17yrs,0.6677
2021-08-02,18-29yrs,0.7145
2021-08-02,30-39yrs,0.7466
2021-08-02,40-49yrs,0.79
2021-08-02,50-59yrs,0.8257
2021-08-02,60-69yrs,0.9044
2021-08-02,70-79yrs,0.9453
2021-08-02,80+,0.9688
2021-08-02,Ontario_12plus,0.8046
2021-08-03,12-17yrs,0.669
2021-08-03,18-29yrs,0.7151
2021-08-03,30-39yrs,0.7471
2021-08-03,40-49yrs,0.7904
2021-08-03,50-59yrs,0.8259
2021-08-03,60-69yrs,0.9046
2021-08-03,70-79yrs,0.9454
2021-08-03,80+,0.9689
2021-08-03,Ontario_12plus,0.805
2021-08-04,12-17yrs,0.6718
2021-08-04,18-29yrs,0.7163
2021-08-04,30-39yrs,0.7482
2021-08-04,40-49yrs,0.7912
2021-08-04,50-59yrs,0.8265
2021-08-04,60-69yrs,0.9051
2021-08-04,70-79yrs,0.9458
2021-08-04,80+,0.9692
2021-08-04,Ontario_12plus,0.8059
2021-08-05,12-17yrs,0.6745
2021-08-05,18-29yrs,0.7175
2021-08-05,30-39yrs,0.7492
2021-08-05,40-49yrs,0.7921
2021-08-05,50-59yrs,0.8271
2021-08-05,60-69yrs,0.9056
2021-08-05,70-79yrs,0.9462
2021-08-05,80+,0.9694
2021-08-05,Ontario_12plus,0.8068
2021-08-06,12-17yrs,0.677
2021-08-06,18-29yrs,0.7186
2021-08-06,30-39yrs,0.7503
2021-08-06,40-49yrs,0.7929
2021-08-06,50-59yrs,0.8278
2021-08-06,60-69yrs,0.9061
2021-08-06,70-79yrs,0.9465
2021-08-06,80+,0.9697
2021-08-06,Ontario_12plus,0.8077
2021-08-07,12-17yrs,0.6793
2021-08-07,18-29yrs,0.7198
2021-08-07,30-39yrs,0.7514
2021-08-07,40-49yrs,0.7938
2021-08-07,50-59yrs,0.8285
2021-08-07,60-69yrs,0.9066
2021-08-07,70-79yrs,0.9469
2021-08-07,80+,0.9699
2021-08-07,Ontario_12plus,0.8086
2021-08-08,12-17yrs,0.6811
2021-08-08,18-29yrs,0.7208
2021-08-08,30-39yrs,0.7523
2021-08-08,40-49yrs,0.7944
2021-08-08,50-59yrs,0.829
2021-08-08,60-69yrs,0.9069
2021-08-08,70-79yrs,0.9471
2021-08-08,80+,0.9701
2021-08-08,Ontario_12plus,0.8093
2021-08-09,12-17yrs,0.6823
2021-08-09,18-29yrs,0.7214
2021-08-09,30-39yrs,0.7528
2021-08-09,40-49yrs,0.7948
2021-08-09,50-59yrs,0.8293
2021-08-09,60-69yrs,0.9071
2021-08-09,70-79yrs,0.9472
2021-08-09,80+,0.9701
2021-08-09,Ontario_12plus,0.8097
2021-08-10,12-17yrs,0.6843
2021-08-10,18-29yrs,0.7224
2021-08-10,30-39yrs,0.7538
2021-08-10,40-49yrs,0.7956
2021-08-10,50-59yrs,0.8298
2021-08-10,60-69yrs,0.9076
2021-08-10,70-79yrs,0.9475
2021-08-10,80+,0.9704
2021-08-10,Ontario_12plus,0.8105
2021-08-11,12-17yrs,0.6865
2021-08-11,18-29yrs,0.7235
2021-08-11,30-39yrs,0.7547
2021-08-11,40-49yrs,0.7963
2021-08-11,50-59yrs,0.8305
2021-08-11,60-69yrs,0.908
2021-08-11,70-79yrs,0.9478
2021-08-11,80+,0.9706
2021-08-11,Ontario_12plus,0.8114
2021-08-12,12-17yrs,0.6886
2021-08-12,18-29yrs,0.7247
2021-08-12,30-39yrs,0.7557
2021-08-12,40-49yrs,0.7972
2021-08-12,50-59yrs,0.8311
2021-08-12,60-69yrs,0.9084
2021-08-12,70-79yrs,0.9482
2021-08-12,80+,0.9708
2021-08-12,Ontario_12plus,0.8122
2021-08-13,12-17yrs,0.6908
2021-08-13,18-29yrs,0.7259
2021-08-13,30-39yrs,0.7568
2021-08-13,40-49yrs,0.798
2021-08-13,50-59yrs,0.8317
2021-08-13,60-69yrs,0.9089
2021-08-13,70-79yrs,0.9485
2021-08-13,80+,0.9711
2021-08-13,Ontario_12plus,0.8131
2021-08-14,12-17yrs,0.693
2021-08-14,18-29yrs,0.7272
2021-08-14,30-39yrs,0.758
2021-08-14,40-49yrs,0.7989
2021-08-14,50-59yrs,0.8324
2021-08-14,60-69yrs,0.9094
2021-08-14,70-79yrs,0.9488
2021-08-14,80+,0.9713
2021-08-14,Ontario_12plus,0.814
2021-08-15,12-17yrs,0.6946
2021-08-15,18-29yrs,0.7283
2021-08-15,30-39yrs,0.7589
2021-08-15,40-49yrs,0.7996
2021-08-15,50-59yrs,0.833
2021-08-15,60-69yrs,0.9097
2021-08-15,70-79yrs,0.949
2021-08-15,80+,0.9714
2021-08-15,Ontario_12plus,0.8148
2021-08-16,12-17yrs,0.6958
2021-08-16,18-29yrs,0.729
2021-08-16,30-39yrs,0.7594
2021-08-16,40-49yrs,0.8
2021-08-16,50-59yrs,0.8333
2021-08-16,60-69yrs,0.9099
2021-08-16,70-79yrs,0.9491
2021-08-16,80+,0.9715
2021-08-16,Ontario_12plus,0.8152
2021-08-17,12-17yrs,0.6978
2021-08-17,18-29yrs,0.7303
2021-08-17,30-39yrs,0.7604
2021-08-17,40-49yrs,0.8008
2021-08-17,50-59yrs,0.8339
2021-08-17,60-69yrs,0.9104
2021-08-17,70-79yrs,0.9494
2021-08-17,80+,0.9717
2021-08-17,Ontario_12plus,0.8161
2021-08-18,12-17yrs,0.7
2021-08-18,18-29yrs,0.7317
2021-08-18,30-39yrs,0.7616
2021-08-18,40-49yrs,0.8017
2021-08-18,50-59yrs,0.8346
2021-08-18,60-69yrs,0.9109
2021-08-18,70-79yrs,0.9497
2021-08-18,80+,0.972
2021-08-18,Ontario_12plus,0.8171
2021-08-19,12-17yrs,0.7066
2021-08-19,18-29yrs,0.7331
2021-08-19,30-39yrs,0.7628
2021-08-19,40-49yrs,0.8027
2021-08-19,50-59yrs,0.8353
2021-08-19,60-69yrs,0.9113
2021-08-19,70-79yrs,0.9501
2021-08-19,80+,0.9722
2021-08-19,Ontario_12plus,0.8183
2021-08-20,12-17yrs,0.7121
2021-08-20,18-29yrs,0.7346
2021-08-20,30-39yrs,0.7641
2021-08-20,40-49yrs,0.8037
2021-08-20,50-59yrs,0.836
2021-08-20,60-69yrs,0.9118
2021-08-20,70-79yrs,0.9504
2021-08-20,80+,0.9725
2021-08-20,Ontario_12plus,0.8196
2021-08-21,12-17yrs,0.7166
2021-08-21,18-29yrs,0.736
2021-08-21,30-39yrs,0.7653
2021-08-21,40-49yrs,0.8047
2021-08-21,50-59yrs,0.8367
2021-08-21,60-69yrs,0.9123
2021-08-21,70-79yrs,0.9507
2021-08-21,80+,0.9727
2021-08-21,Ontario_12plus,0.8207
2021-08-22,12-17yrs,0.7199
2021-08-22,18-29yrs,0.7371
2021-08-22,30-39yrs,0.7662
2021-08-22,40-49yrs,0.8053
2021-08-22,50-59yrs,0.8373
2021-08-22,60-69yrs,0.9126
2021-08-22,70-79yrs,0.9509
2021-08-22,80+,0.9727
2021-08-22,Ontario_12plus,0.8216
2021-08-23,12-17yrs,0.7222
2021-08-23,18-29yrs,0.7378
2021-08-23,30-39yrs,0.7668
2021-08-23,40-49yrs,0.8058
2021-08-23,50-59yrs,0.8376
2021-08-23,60-69yrs,0.9127
2021-08-23,70-79yrs,0.9509
2021-08-23,80+,0.9728
2021-08-23,Ontario_12plus,0.8221
2021-08-24,12-17yrs,0.726
2021-08-24,18-29yrs,0.7391
2021-08-24,30-39yrs,0.7679
2021-08-24,40-49yrs,0.8067
2021-08-24,50-59yrs,0.8382
2021-08-24,60-69yrs,0.9131
2021-08-24,70-79yrs,0.9512
2021-08-24,80+,0.973
2021-08-24,Ontario_12plus,0.8231
2021-08-25,12-17yrs,0.7298
2021-08-25,18-29yrs,0.7407
2021-08-25,30-39yrs,0.7691
2021-08-25,40-49yrs,0.8076
2021-08-25,50-59yrs,0.8389
2021-08-25,60-69yrs,0.9136
2021-08-25,70-79yrs,0.9515
2021-08-25,80+,0.9731
2021-08-25,Ontario_12plus,0.8242
2021-08-26,12-17yrs,0.7333
2021-08-26,18-29yrs,0.7421
2021-08-26,30-39yrs,0.7704
2021-08-26,40-49yrs,0.8087
2021-08-26,50-59yrs,0.8395
2021-08-26,60-69yrs,0.914
2021-08-26,70-79yrs,0.9517
2021-08-26,80+,0.9734
2021-08-26,Ontario_12plus,0.8253
2021-08-27,12-17yrs,0.7363
2021-08-27,18-29yrs,0.7435
2021-08-27,30-39yrs,0.7716
2021-08-27,40-49yrs,0.8096
2021-08-27,50-59yrs,0.8402
2021-08-27,60-69yrs,0.9144
2021-08-27,70-79yrs,0.952
2021-08-27,80+,0.9735
2021-08-27,Ontario_12plus,0.8263
2021-08-28,12-17yrs,0.7391
2021-08-28,18-29yrs,0.7449
2021-08-28,30-39yrs,0.7728
2021-08-28,40-49yrs,0.8106
2021-08-28,50-59yrs,0.8408
2021-08-28,60-69yrs,0.9148
2021-08-28,70-79yrs,0.9523
2021-08-28,80+,0.9737
2021-08-28,Ontario_12plus,0.8273
2021-08-29,12-17yrs,0.7414
2021-08-29,18-29yrs,0.7461
2021-08-29,30-39yrs,0.7737
2021-08-29,40-49yrs,0.8113
2021-08-29,50-59yrs,0.8413
2021-08-29,60-69yrs,0.9151
2021-08-29,70-79yrs,0.9524
2021-08-29,80+,0.9738
2021-08-29,Ontario_12plus,0.8281
2021-08-30,12-17yrs,0.7431
2021-08-30,18-29yrs,0.7468
2021-08-30,30-39yrs,0.7743
2021-08-30,40-49yrs,0.8117
2021-08-30,50-59yrs,0.8416
2021-08-30,60-69yrs,0.9153
2021-08-30,70-79yrs,0.9525
2021-08-30,80+,0.9739
2021-08-30,Ontario_12plus,0.8285
2021-08-31,12-17yrs,0.7458
2021-08-31,18-29yrs,0.7482
2021-08-31,30-39yrs,0.7753
2021-08-31,40-49yrs,0.8126
2021-08-31,50-59yrs,0.8422
2021-08-31,60-69yrs,0.9156
2021-08-31,70-79yrs,0.9528
2021-08-31,80+,0.974
2021-08-31,Ontario_12plus,0.8295
2021-09-01,12-17yrs,0.7488
2021-09-01,18-29yrs,0.7498
2021-09-01,30-39yrs,0.7764
2021-09-01,40-49yrs,0.8134
2021-09-01,50-59yrs,0.8428
2021-09-01,60-69yrs,0.9161
2021-09-01,70-79yrs,0.953
2021-09-01,80+,0.9742
2021-09-01,Ontario_12plus,0.8305
2021-09-02,12-17yrs,0.7516
2021-09-02,18-29yrs,0.7518
2021-09-02,30-39yrs,0.778
2021-09-02,40-49yrs,0.8145
2021-09-02,50-59yrs,0.8435
2021-09-02,60-69yrs,0.9165
2021-09-02,70-79yrs,0.9534
2021-09-02,80+,0.9745
2021-09-02,Ontario_12plus,0.8317
2021-09-03,12-17yrs,0.7554
2021-09-03,18-29yrs,0.7544
2021-09-03,30-39yrs,0.7802
2021-09-03,40-49yrs,0.8161
2021-09-03,50-59yrs,0.8445
2021-09-03,60-69yrs,0.9171
2021-09-03,70-79yrs,0.9537
2021-09-03,80+,0.9747
2021-09-03,Ontario_12plus,0.8333
2021-09-04,12-17yrs,0.7592
2021-09-04,18-29yrs,0.7571
2021-09-04,30-39yrs,0.7823
2021-09-04,40-49yrs,0.8176
2021-09-04,50-59yrs,0.8456
2021-09-04,60-69yrs,0.9177
2021-09-04,70-79yrs,0.9541
2021-09-04,80+,0.9749
2021-09-04,Ontario_12plus,0.8349
2021-09-05,12-17yrs,0.7618
2021-09-05,18-29yrs,0.759
2021-09-05,30-39yrs,0.7837
2021-09-05,40-49yrs,0.8187
2021-09-05,50-59yrs,0.8462
2021-09-05,60-69yrs,0.9181
2021-09-05,70-79yrs,0.9543
2021-09-05,80+,0.9751
2021-09-05,Ontario_12plus,0.836
2021-09-06,12-17yrs,0.7636
2021-09-06,18-29yrs,0.7604
2021-09-06,30-39yrs,0.7846
2021-09-06,40-49yrs,0.8194
2021-09-06,50-59yrs,0.8466
2021-09-06,60-69yrs,0.9183
2021-09-06,70-79yrs,0.9544
2021-09-06,80+,0.9751
2021-09-06,Ontario_12plus,0.8368
2021-09-07,12-17yrs,0.7648
2021-09-07,18-29yrs,0.7614
2021-09-07,30-39yrs,0.7852
2021-09-07,40-49yrs,0.8198
2021-09-07,50-59yrs,0.8469
2021-09-07,60-69yrs,0.9184
2021-09-07,70-79yrs,0.9545
2021-09-07,80+,0.9752
2021-09-07,Ontario_12plus,0.8373
