﻿Geo Code,Geo Name,Line Number
"1301001","Saint Martins",2
"1301002","St. Martins",2249
"1301004","Simonds",4496
"1301006","Saint John",6743
"1301016","Musquash",8990
"1302001","Grand Manan",11237
"1302004","Campobello Island",13484
"1302006","West Isles",15731
"1302008","Lepreau",17978
"1302011","Pennfield",20225
"1302012","Blacks Harbour",22472
"1302014","Clarendon",24719
"1302016","Saint George",26966
"1302018","St. George",29213
"1302021","Saint Patrick",31460
"1302024","Saint Andrews",33707
"1302026","Saint Andrews",35954
"1302028","Saint Croix",38201
"1302031","Dufferin",40448
"1302034","Saint Stephen",42695
"1302037","St. Stephen",44942
"1302039","Saint James",47189
"1302042","Saint David",49436
"1302044","Dumbarton",51683
"1302052","Grand Manan",53930
"1303001","Blissville",56177
"1303004","Gladstone",58424
"1303005","Tracy",60671
"1303006","Fredericton Junction",62918
"1303008","Lincoln",65165
"1303011","Burton",67412
"1303012","Oromocto",69659
"1303013","Oromocto 26",71906
"1303014","Sheffield",74153
"1303016","Maugerville",76400
"1303018","Northfield",78647
"1304001","Petersville",80894
"1304004","Gagetown",83141
"1304005","Gagetown",85388
"1304006","Hampstead",87635
"1304008","Wickham",89882
"1304011","Cambridge",92129
"1304013","Cambridge-Narrows",94376
"1304014","Johnston",96623
"1304016","Brunswick",98870
"1304018","Waterborough",101117
"1304021","Canning",103364
"1304022","Minto",105611
"1304024","Chipman",107858
"1304025","Chipman",110105
"1305001","Hammond",112352
"1305004","Upham",114599
"1305006","Hampton",116846
"1305007","Hampton",119093
"1305008","Rothesay",121340
"1305011","Westfield",123587
"1305014","Kingston",125834
"1305015","Grand Bay-Westfield",128081
"1305016","Norton",130328
"1305018","Norton",132575
"1305021","Sussex",134822
"1305022","Sussex",137069
"1305023","Sussex Corner",139316
"1305024","Waterford",141563
"1305026","Cardwell",143810
"1305028","Havelock",146057
"1305031","Studholm",148304
"1305034","Springfield",150551
"1305036","Kars",152798
"1305038","Greenwich",155045
"1305045","Rothesay",157292
"1305057","Quispamsis",159539
"1306001","Hopewell",161786
"1306003","Riverside-Albert",164033
"1306004","Harvey",166280
"1306006","Alma",168527
"1306007","Alma",170774
"1306008","Elgin",173021
"1306011","Hillsborough",175268
"1306014","Coverdale",177515
"1306020","Riverview",179762
"1306025","Hillsborough",182009
"1307001","Westmorland",184256
"1307002","Port Elgin",186503
"1307004","Botsford",188750
"1307005","Beaubassin East / Beaubassin-est",190997
"1307007","Cap-Pelé",193244
"1307008","Sackville",195491
"1307009","Sackville",197738
"1307011","Dorchester",199985
"1307012","Dorchester",202232
"1307013","Memramcook",204479
"1307014","Fort Folly 1",206726
"1307016","Shediac",208973
"1307019","Moncton",211220
"1307022","Moncton",213467
"1307024","Salisbury",215714
"1307028","Salisbury",217961
"1307029","Petitcodiac",220208
"1307045","Dieppe",222455
"1307052","Shediac",224702
"1308001","Dundas",226949
"1308002","Cocagne",229196
"1308003","Buctouche 16",231443
"1308004","Wellington",233690
"1308005","Bouctouche",235937
"1308006","Saint Mary",238184
"1308007","Saint-Antoine",240431
"1308008","Saint-Paul",242678
"1308010","Harcourt",244925
"1308012","Huskisson",247172
"1308014","Weldford",249419
"1308015","Richibucto 15",251666
"1308016","Richibucto",253913
"1308017","Rexton",256160
"1308018","Richibucto",258407
"1308019","Saint-Charles",260654
"1308020","Indian Island 28",262901
"1308021","Saint-Louis",265148
"1308022","Saint-Louis de Kent",267395
"1308024","Acadieville",269642
"1308026","Carleton",271889
"1309001","Hardwicke",274136
"1309004","Glenelg",276383
"1309006","Chatham",278630
"1309011","Derby",280877
"1309014","Nelson",283124
"1309016","Rogersville",285371
"1309017","Rogersville",287618
"1309018","Blackville",289865
"1309019","Blackville",292112
"1309021","Blissfield",294359
"1309022","Doaktown",296606
"1309023","Red Bank 4",298853
"1309026","Southesk",301100
"1309027","Upper Miramichi",303347
"1309028","Northesk",305594
"1309031","Newcastle",307841
"1309034","Big Hole Tract 8 (South Half)",310088
"1309035","Eel Ground 2",312335
"1309036","Alnwick",314582
"1309038","Neguac",316829
"1309044","Esgenoôpetitj 14",319076
"1309047","Tabusintac 9",321323
"1309050","Miramichi",323570
"1310001","New Maryland",325817
"1310002","New Maryland",328064
"1310004","Manners Sutton",330311
"1310005","Harvey",332558
"1310006","McAdam",334805
"1310007","McAdam",337052
"1310008","North Lake",339299
"1310011","Canterbury",341546
"1310012","Canterbury",343793
"1310013","Meductic",346040
"1310014","Dumfries",348287
"1310016","Prince William",350534
"1310017","Hanwell",352781
"1310018","Kingsclear",355028
"1310019","Kingsclear 6",357275
"1310021","Queensbury",359522
"1310024","Southampton",361769
"1310025","Millville",364016
"1310026","Bright",366263
"1310028","Douglas",368510
"1310031","Saint Marys",370757
"1310032","Fredericton",373004
"1310034","Devon 30",375251
"1310036","Stanley",377498
"1310037","Stanley",379745
"1310054","Nackawic",381992
"1311001","Richmond",384239
"1311004","Woodstock",386486
"1311005","Woodstock 23",388733
"1311006","Woodstock",390980
"1311008","Northampton",393227
"1311011","Brighton",395474
"1311012","Hartland",397721
"1311014","Wakefield",399968
"1311018","Wilmot",402215
"1311019","Centreville",404462
"1311021","Simonds",406709
"1311024","Peel",408956
"1311026","Aberdeen",411203
"1311027","Florenceville-Bristol",413450
"1311028","Kent",415697
"1311030","Bath",417944
"1311031","Wicklow",420191
"1312001","Andover",422438
"1312002","Aroostook",424685
"1312004","Perth",426932
"1312006","Perth-Andover",429179
"1312007","Tobique 20",431426
"1312008","Gordon",433673
"1312009","Plaster Rock",435920
"1312011","Lorne",438167
"1312014","Denmark",440414
"1312016","Grand Falls",442661
"1312019","Grand Falls / Grand-Sault",444908
"1312021","Drummond",447155
"1312023","Drummond",449402
"1313001","Saint-André",451649
"1313002","Saint-André",453896
"1313004","Saint-Léonard",456143
"1313006","Saint-Léonard",458390
"1313008","Notre-Dame-de-Lourdes",460637
"1313011","Sainte-Anne",462884
"1313012","Sainte-Anne-de-Madawaska",465131
"1313014","Rivière-Verte",467378
"1313015","Rivière-Verte",469625
"1313018","Saint-Basile",471872
"1313020","St. Basile 10",474119
"1313022","Saint-Joseph",476366
"1313024","Saint-Jacques",478613
"1313027","Edmundston",480860
"1313028","Madawaska",483107
"1313032","Saint-Hilaire",485354
"1313033","St. Hilaire",487601
"1313034","Baker Brook",489848
"1313035","Baker-Brook",492095
"1313036","Lac-Baker",494342
"1313037","Lac Baker",496589
"1313038","Clair",498836
"1313039","Clair",501083
"1313041","Saint-François",503330
"1313042","Saint-François de Madawaska",505577
"1314001","Durham",507824
"1314003","Colborne",510071
"1314004","Charlo",512318
"1314005","Balmoral",514565
"1314006","Balmoral",516812
"1314008","Dalhousie",519059
"1314010","Eel River 3",521306
"1314011","Eel River Crossing",523553
"1314012","Addington",525800
"1314013","Atholville",528047
"1314014","Campbellton",530294
"1314015","Tide Head",532541
"1314016","Eldon",534788
"1314017","Dalhousie",537035
"1314020","Kedgwick",539282
"1314021","Saint-Quentin",541529
"1314022","Saint-Quentin",543776
"1314025","Belledune",546023
"1314026","Indian Ranch",548270
"1315002","Tracadie",550517
"1315006","Allardville",552764
"1315008","Bathurst",555011
"1315010","Pabineau 11",557258
"1315011","Bathurst",559505
"1315012","Beresford",561752
"1315013","Pointe-Verte",563999
"1315014","Petit-Rocher",566246
"1315015","Beresford",568493
"1315016","New Bandon",570740
"1315017","Saint-Léolin",572987
"1315019","Paquetville",575234
"1315020","Paquetville",577481
"1315021","Saint-Isidore",579728
"1315022","Saint-Isidore",581975
"1315024","Inkerman",584222
"1315026","Caraquet",586469
"1315027","Bas-Caraquet",588716
"1315028","Caraquet",590963
"1315029","Shippagan",593210
"1315030","Le Goulet",595457
"1315031","Shippagan",597704
"1315032","Lamèque",599951
"1315033","Sainte-Marie-Saint-Raphaël",602198
"1315036","Bertrand",604445
"1315037","Nigadoo",606692
"1315038","Grande-Anse",608939
"1315040","Maisonnette",611186
