index,date,var,meann,sdn,maxn,minn,log_meann,log_sdn,log_maxn,log_minn
61,2020-05-23,D,412,0,412,412,6.02102334934953,0,6.02102334934953,6.02102334934953
62,2020-05-24,D,460,0,460,460,6.13122648948314,0,6.13122648948314,6.13122648948314
63,2020-05-25,D,404,0,404,404,6.00141487796115,0,6.00141487796115,6.00141487796115
64,2020-05-26,D,287,0,287,287,5.65948221575962,0,5.65948221575962,5.65948221575962
65,2020-05-27,D,292,0,292,292,5.67675380226828,0,5.67675380226828,5.67675380226828
66,2020-05-28,D,383,0,383,383,5.94803498918065,0,5.94803498918065,5.94803498918065
67,2020-05-29,D,344,0,344,344,5.8406416573734,0,5.8406416573734,5.8406416573734
68,2020-05-30,D,323,0,323,323,5.77765232322266,0,5.77765232322266,5.77765232322266
69,2020-05-31,D,326,0,326,326,5.78689738136671,0,5.78689738136671,5.78689738136671
70,2020-06-01,D,404,0,404,404,6.00141487796115,0,6.00141487796115,6.00141487796115
71,2020-06-02,D,446,0,446,446,6.10031895202006,0,6.10031895202006,6.10031895202006
72,2020-06-03,D,338,0,338,338,5.82304589548302,0,5.82304589548302,5.82304589548302
73,2020-06-04,D,356,0,356,356,5.87493073085203,0,5.87493073085203,5.87493073085203
74,2020-06-05,D,344,0,344,344,5.8406416573734,0,5.8406416573734,5.8406416573734
75,2020-06-06,D,455,0,455,455,6.12029741895095,0,6.12029741895095,6.12029741895095
76,2020-06-07,D,415,0,415,415,6.0282785202307,0,6.0282785202307,6.0282785202307
77,2020-06-08,D,243,0,243,243,5.49306144334055,0,5.49306144334055,5.49306144334055
78,2020-06-09,D,230,0,230,230,5.4380793089232,0,5.4380793089232,5.4380793089232
79,2020-06-10,D,251,0,251,251,5.52545293913178,0,5.52545293913178,5.52545293913178
80,2020-06-11,D,203,0,203,203,5.31320597904179,0,5.31320597904179,5.31320597904179
81,2020-06-12,D,182,0,182,182,5.2040066870768,0,5.2040066870768,5.2040066870768
82,2020-06-13,D,266,0,266,266,5.5834963087817,0,5.5834963087817,5.5834963087817
83,2020-06-14,D,197,0,197,197,5.28320372873799,0,5.28320372873799,5.28320372873799
84,2020-06-15,D,181,0,181,181,5.19849703126583,0,5.19849703126583,5.19849703126583
85,2020-06-16,D,184,0,184,184,5.21493575760899,0,5.21493575760899,5.21493575760899
86,2020-06-17,D,190,0,190,190,5.24702407216049,0,5.24702407216049,5.24702407216049
87,2020-06-18,D,173,0,173,173,5.15329159449778,0,5.15329159449778,5.15329159449778
88,2020-06-19,D,178,0,178,178,5.18178355029209,0,5.18178355029209,5.18178355029209
89,2020-06-20,D,206,0,206,206,5.32787616878958,0,5.32787616878958,5.32787616878958
90,2020-06-21,D,175,0,175,175,5.16478597392351,0,5.16478597392351,5.16478597392351
91,2020-06-22,D,161,0,161,161,5.08140436498446,0,5.08140436498446,5.08140436498446
92,2020-06-23,D,216,0,216,216,5.37527840768417,0,5.37527840768417,5.37527840768417
93,2020-06-24,D,163,0,163,163,5.09375020080676,0,5.09375020080676,5.09375020080676
94,2020-06-25,D,189,0,189,189,5.24174701505964,0,5.24174701505964,5.24174701505964
95,2020-06-26,D,111,0,111,111,4.70953020131233,0,4.70953020131233,4.70953020131233
96,2020-06-27,D,160,0,160,160,5.07517381523383,0,5.07517381523383,5.07517381523383
97,2020-06-28,D,178,0,178,178,5.18178355029209,0,5.18178355029209,5.18178355029209
98,2020-06-29,D,257,0,257,257,5.54907608489522,0,5.54907608489522,5.54907608489522
99,2020-06-30,D,157,0,157,157,5.05624580534831,0,5.05624580534831,5.05624580534831
100,2020-07-01,D,149,0,149,149,5.00394630594546,0,5.00394630594546,5.00394630594546
101,2020-07-02,D,153,0,153,153,5.03043792139244,0,5.03043792139244,5.03043792139244
102,2020-07-03,D,165,0,165,165,5.10594547390058,0,5.10594547390058,5.10594547390058
103,2020-07-04,D,121,0,121,121,4.79579054559674,0,4.79579054559674,4.79579054559674
104,2020-07-05,D,138,0,138,138,4.92725368515721,0,4.92725368515721,4.92725368515721
105,2020-07-06,D,154,0,154,154,5.03695260241363,0,5.03695260241363,5.03695260241363
106,2020-07-07,D,112,0,112,112,4.71849887129509,0,4.71849887129509,4.71849887129509
107,2020-07-08,D,118,0,118,118,4.77068462446567,0,4.77068462446567,4.77068462446567
108,2020-07-09,D,170,0,170,170,5.13579843705026,0,5.13579843705026,5.13579843705026
109,2020-07-10,D,116,0,116,116,4.75359019110636,0,4.75359019110636,4.75359019110636
110,2020-07-11,D,130,0,130,130,4.86753445045558,0,4.86753445045558,4.86753445045558
111,2020-07-12,D,129,0,129,129,4.85981240436167,0,4.85981240436167,4.85981240436167
112,2020-07-13,D,116,0,116,116,4.75359019110636,0,4.75359019110636,4.75359019110636
113,2020-07-14,D,111,0,111,111,4.70953020131233,0,4.70953020131233,4.70953020131233
114,2020-07-15,D,102,0,102,102,4.62497281328427,0,4.62497281328427,4.62497281328427
115,2020-07-16,D,111,0,111,111,4.70953020131233,0,4.70953020131233,4.70953020131233
116,2020-07-17,D,111,0,111,111,4.70953020131233,0,4.70953020131233,4.70953020131233
117,2020-07-18,D,166,0,166,166,5.11198778835654,0,5.11198778835654,5.11198778835654
118,2020-07-19,D,164,0,164,164,5.0998664278242,0,5.0998664278242,5.0998664278242
119,2020-07-20,D,135,0,135,135,4.90527477843843,0,4.90527477843843,4.90527477843843
120,2020-07-21,D,203,0,203,203,5.31320597904179,0,5.31320597904179,5.31320597904179
121,2020-07-22,D,165,0,165,165,5.10594547390058,0,5.10594547390058,5.10594547390058
122,2020-07-23,D,103,0,103,103,4.63472898822964,0,4.63472898822964,4.63472898822964
123,2020-07-24,D,195,0,195,195,5.27299955856375,0,5.27299955856375,5.27299955856375
124,2020-07-25,D,138,0,138,138,4.92725368515721,0,4.92725368515721,4.92725368515721
125,2020-07-26,D,137,0,137,137,4.91998092582813,0,4.91998092582813,4.91998092582813
126,2020-07-27,D,119,0,119,119,4.77912349311153,0,4.77912349311153,4.77912349311153
127,2020-07-28,D,111,0,111,111,4.70953020131233,0,4.70953020131233,4.70953020131233
128,2020-07-29,D,76,0,76,76,4.33073334028633,0,4.33073334028633,4.33073334028633
129,2020-07-30,D,89,0,89,89,4.48863636973214,0,4.48863636973214,4.48863636973214
130,2020-07-31,D,134,0,134,134,4.89783979995091,0,4.89783979995091,4.89783979995091
131,2020-08-01,D,124,0,124,124,4.82028156560504,0,4.82028156560504,4.82028156560504
132,2020-08-02,D,116,0,116,116,4.75359019110636,0,4.75359019110636,4.75359019110636
133,2020-08-03,D,88,0,88,88,4.47733681447821,0,4.47733681447821,4.47733681447821
134,2020-08-04,D,91,0,91,91,4.51085950651685,0,4.51085950651685,4.51085950651685
135,2020-08-05,D,86,0,86,86,4.45434729625351,0,4.45434729625351,4.45434729625351
136,2020-08-06,D,95,0,95,95,4.55387689160054,0,4.55387689160054,4.55387689160054
137,2020-08-07,D,88,0,88,88,4.47733681447821,0,4.47733681447821,4.47733681447821
138,2020-08-08,D,70,0,70,70,4.24849524204936,0,4.24849524204936,4.24849524204936
139,2020-08-09,D,79,0,79,79,4.36944785246702,0,4.36944785246702,4.36944785246702
140,2020-08-10,D,115,0,115,115,4.74493212836325,0,4.74493212836325,4.74493212836325
141,2020-08-11,D,33,0,33,33,3.49650756146648,0,3.49650756146648,3.49650756146648
142,2020-08-12,D,95,0,95,95,4.55387689160054,0,4.55387689160054,4.55387689160054
143,2020-08-13,D,78,0,78,78,4.35670882668959,0,4.35670882668959,4.35670882668959
144,2020-08-14,D,92,0,92,92,4.52178857704904,0,4.52178857704904,4.52178857704904
145,2020-08-15,D,106,0,106,106,4.66343909411207,0,4.66343909411207,4.66343909411207
146,2020-08-16,D,81,0,81,81,4.39444915467244,0,4.39444915467244,4.39444915467244
147,2020-08-17,D,99,0,99,99,4.59511985013459,0,4.59511985013459,4.59511985013459
148,2020-08-18,D,125,0,125,125,4.8283137373023,0,4.8283137373023,4.8283137373023
149,2020-08-19,D,102,0,102,102,4.62497281328427,0,4.62497281328427,4.62497281328427
150,2020-08-20,D,76,0,76,76,4.33073334028633,0,4.33073334028633,4.33073334028633
151,2020-08-21,D,131,0,131,131,4.87519732320115,0,4.87519732320115,4.87519732320115
152,2020-08-22,D,108,0,108,108,4.68213122712422,0,4.68213122712422,4.68213122712422
153,2020-08-23,D,115,0,115,115,4.74493212836325,0,4.74493212836325,4.74493212836325
154,2020-08-24,D,105,0,105,105,4.65396035015752,0,4.65396035015752,4.65396035015752
155,2020-08-25,D,100,0,100,100,4.60517018598809,0,4.60517018598809,4.60517018598809
156,2020-08-26,D,88,0,88,88,4.47733681447821,0,4.47733681447821,4.47733681447821
157,2020-08-27,D,118,0,118,118,4.77068462446567,0,4.77068462446567,4.77068462446567
158,2020-08-28,D,122,0,122,122,4.80402104473326,0,4.80402104473326,4.80402104473326
159,2020-08-29,D,148,0,148,148,4.99721227376412,0,4.99721227376412,4.99721227376412
160,2020-08-30,D,112,0,112,112,4.71849887129509,0,4.71849887129509,4.71849887129509
161,2020-08-31,D,114,0,114,114,4.7361984483945,0,4.7361984483945,4.7361984483945
162,2020-09-01,D,112,0,112,112,4.71849887129509,0,4.71849887129509,4.71849887129509
163,2020-09-02,D,133,0,133,133,4.89034912822175,0,4.89034912822175,4.89034912822175
164,2020-09-03,D,132,0,132,132,4.88280192258637,0,4.88280192258637,4.88280192258637
165,2020-09-04,D,148,0,148,148,4.99721227376412,0,4.99721227376412,4.99721227376412
166,2020-09-05,D,169,0,169,169,5.12989871492307,0,5.12989871492307,5.12989871492307
167,2020-09-06,D,158,0,158,158,5.06259503302697,0,5.06259503302697,5.06259503302697
168,2020-09-07,D,190,0,190,190,5.24702407216049,0,5.24702407216049,5.24702407216049
169,2020-09-08,D,185,0,185,185,5.22035582507832,0,5.22035582507832,5.22035582507832
170,2020-09-09,D,149,0,149,149,5.00394630594546,0,5.00394630594546,5.00394630594546
171,2020-09-10,D,170,0,170,170,5.13579843705026,0,5.13579843705026,5.13579843705026
172,2020-09-11,D,213,0,213,213,5.36129216570943,0,5.36129216570943,5.36129216570943
173,2020-09-12,D,232,0,232,232,5.44673737166631,0,5.44673737166631,5.44673737166631
174,2020-09-13,D,204,0,204,204,5.31811999384422,0,5.31811999384422,5.31811999384422
175,2020-09-14,D,313,0,313,313,5.74620319054015,0,5.74620319054015,5.74620319054015
176,2020-09-15,D,251,0,251,251,5.52545293913178,0,5.52545293913178,5.52545293913178
177,2020-09-16,D,315,0,315,315,5.75257263882563,0,5.75257263882563,5.75257263882563
178,2020-09-17,D,293,0,293,293,5.68017260901707,0,5.68017260901707,5.68017260901707
179,2020-09-18,D,401,0,401,401,5.99396142730657,0,5.99396142730657,5.99396142730657
180,2020-09-19,D,407,0,407,407,6.0088131854426,0,6.0088131854426,6.0088131854426
181,2020-09-20,D,365,0,365,365,5.89989735358249,0,5.89989735358249,5.89989735358249
182,2020-09-21,D,425,0,425,425,6.05208916892442,0,6.05208916892442,6.05208916892442
183,2020-09-22,D,478,0,478,478,6.16961073249146,0,6.16961073249146,6.16961073249146
184,2020-09-23,D,335,0,335,335,5.81413053182507,0,5.81413053182507,5.81413053182507
185,2020-09-24,D,409,0,409,409,6.0137151560428,0,6.0137151560428,6.0137151560428
186,2020-09-25,D,409,0,409,409,6.0137151560428,0,6.0137151560428,6.0137151560428
187,2020-09-26,D,435,0,435,435,6.07534603108868,0,6.07534603108868,6.07534603108868
188,2020-09-27,D,491,0,491,491,6.19644412779452,0,6.19644412779452,6.19644412779452
189,2020-09-28,D,700,0,700,700,6.5510803350434,0,6.5510803350434,6.5510803350434
190,2020-09-29,D,554,0,554,554,6.31716468674728,0,6.31716468674728,6.31716468674728
191,2020-09-30,D,625,0,625,625,6.4377516497364,0,6.4377516497364,6.4377516497364
192,2020-10-01,D,538,0,538,538,6.28785856016178,0,6.28785856016178,6.28785856016178
193,2020-10-02,D,732,0,732,732,6.59578051396131,0,6.59578051396131,6.59578051396131
194,2020-10-03,D,653,0,653,653,6.48157712927643,0,6.48157712927643,6.48157712927643
195,2020-10-04,D,566,0,566,566,6.33859407820318,0,6.33859407820318,6.33859407820318
196,2020-10-05,D,615,0,615,615,6.42162226780652,0,6.42162226780652,6.42162226780652
197,2020-10-06,D,548,0,548,548,6.30627528694802,0,6.30627528694802,6.30627528694802
198,2020-10-07,D,583,0,583,583,6.36818718635049,0,6.36818718635049,6.36818718635049
199,2020-10-08,D,797,0,797,797,6.68085467879022,0,6.68085467879022,6.68085467879022
200,2020-10-09,D,939,0,939,939,6.84481547920826,0,6.84481547920826,6.84481547920826
201,2020-10-10,D,809,0,809,809,6.69579891705849,0,6.69579891705849,6.69579891705849
202,2020-10-11,D,649,0,649,649,6.47543271670409,0,6.47543271670409,6.47543271670409
203,2020-10-12,D,807,0,807,807,6.69332366826995,0,6.69332366826995,6.69332366826995
204,2020-10-13,D,746,0,746,746,6.61472560020376,0,6.61472560020376,6.61472560020376
205,2020-10-14,D,721,0,721,721,6.58063913728495,0,6.58063913728495,6.58063913728495
206,2020-10-15,D,783,0,783,783,6.6631326959908,0,6.6631326959908,6.6631326959908
207,2020-10-16,D,712,0,712,712,6.56807791141198,0,6.56807791141198,6.56807791141198
208,2020-10-17,D,805,0,805,805,6.69084227741856,0,6.69084227741856,6.69084227741856
209,2020-10-18,D,658,0,658,658,6.48920493132532,0,6.48920493132532,6.48920493132532
210,2020-10-19,D,704,0,704,704,6.55677835615804,0,6.55677835615804,6.55677835615804
211,2020-10-20,D,821,0,821,821,6.71052310945243,0,6.71052310945243,6.71052310945243
212,2020-10-21,D,790,0,790,790,6.67203294546107,0,6.67203294546107,6.67203294546107
213,2020-10-22,D,841,0,841,841,6.73459165997295,0,6.73459165997295,6.73459165997295
214,2020-10-23,D,826,0,826,826,6.71659477352098,0,6.71659477352098,6.71659477352098
215,2020-10-24,D,978,0,978,978,6.88550967003482,0,6.88550967003482,6.88550967003482
216,2020-10-25,D,1042,0,1042,1042,6.94889722231331,0,6.94889722231331,6.94889722231331
217,2020-10-26,D,851,0,851,851,6.74641212857337,0,6.74641212857337,6.74641212857337
218,2020-10-27,D,827,0,827,827,6.71780469502369,0,6.71780469502369,6.71780469502369
219,2020-10-28,D,834,0,834,834,6.72623340235875,0,6.72623340235875,6.72623340235875
220,2020-10-29,D,934,0,934,934,6.83947643822884,0,6.83947643822884,6.83947643822884
221,2020-10-30,D,896,0,896,896,6.79794041297493,0,6.79794041297493,6.79794041297493
222,2020-10-31,D,1015,0,1015,1015,6.92264389147589,0,6.92264389147589,6.92264389147589
223,2020-11-01,D,977,0,977,977,6.88448665204278,0,6.88448665204278,6.88448665204278
224,2020-11-02,D,948,0,948,948,6.85435450225502,0,6.85435450225502,6.85435450225502
225,2020-11-03,D,1050,0,1050,1050,6.95654544315157,0,6.95654544315157,6.95654544315157
226,2020-11-04,D,987,0,987,987,6.89467003943348,0,6.89467003943348,6.89467003943348
227,2020-11-05,D,998,0,998,998,6.90575327631146,0,6.90575327631146,6.90575327631146
228,2020-11-06,D,1003,0,1003,1003,6.91075078796194,0,6.91075078796194,6.91075078796194
229,2020-11-07,D,1132,0,1132,1132,7.03174125876313,0,7.03174125876313,7.03174125876313
230,2020-11-08,D,1328,0,1328,1328,7.19142933003638,0,7.19142933003638,7.19142933003638
231,2020-11-09,D,1242,0,1242,1242,7.12447826249342,0,7.12447826249342,7.12447826249342
232,2020-11-10,D,1388,0,1388,1388,7.23561914106675,0,7.23561914106675,7.23561914106675
233,2020-11-11,D,1426,0,1426,1426,7.26262860097424,0,7.26262860097424,7.26262860097424
234,2020-11-12,D,1575,0,1575,1575,7.36201055125973,0,7.36201055125973,7.36201055125973
235,2020-11-13,D,1396,0,1396,1396,7.24136628332232,0,7.24136628332232,7.24136628332232
236,2020-11-14,D,1581,0,1581,1581,7.36581283720947,0,7.36581283720947,7.36581283720947
237,2020-11-15,D,1248,0,1248,1248,7.12929754892937,0,7.12929754892937,7.12929754892937
238,2020-11-16,D,1487,0,1487,1487,7.30451594646016,0,7.30451594646016,7.30451594646016
239,2020-11-17,D,1249,0,1249,1249,7.13009851012558,0,7.13009851012558,7.13009851012558
240,2020-11-18,D,1417,0,1417,1417,7.25629723969068,0,7.25629723969068,7.25629723969068
241,2020-11-19,D,1210,0,1210,1210,7.09837563859079,0,7.09837563859079,7.09837563859079
242,2020-11-20,D,1418,0,1418,1418,7.25700270709207,0,7.25700270709207,7.25700270709207
243,2020-11-21,D,1588,0,1588,1588,7.37023064180708,0,7.37023064180708,7.37023064180708
244,2020-11-22,D,1534,0,1534,1534,7.3356339819272,0,7.3356339819272,7.3356339819272
245,2020-11-23,D,1589,0,1589,1589,7.37086016653672,0,7.37086016653672,7.37086016653672
246,2020-11-24,D,1009,0,1009,1009,6.91671502035361,0,6.91671502035361,6.91671502035361
247,2020-11-25,D,1373,0,1373,1373,7.22475340576797,0,7.22475340576797,7.22475340576797
248,2020-11-26,D,1478,0,1478,1478,7.29844510150815,0,7.29844510150815,7.29844510150815
249,2020-11-27,D,1855,0,1855,1855,7.52563997504154,0,7.52563997504154,7.52563997504154
250,2020-11-28,D,1822,0,1822,1822,7.5076900778199,0,7.5076900778199,7.5076900778199
251,2020-11-29,D,1708,0,1708,1708,7.44307837434852,0,7.44307837434852,7.44307837434852
252,2020-11-30,D,1746,0,1746,1746,7.46508273639955,0,7.46508273639955,7.46508273639955
253,2020-12-01,D,1707,0,1707,1707,7.44249272279444,0,7.44249272279444,7.44249272279444
254,2020-12-02,D,1723,0,1723,1723,7.45182223652793,0,7.45182223652793,7.45182223652793
255,2020-12-03,D,1824,0,1824,1824,7.50878717063428,0,7.50878717063428,7.50878717063428
256,2020-12-04,D,1780,0,1780,1780,7.48436864328613,0,7.48436864328613,7.48436864328613
257,2020-12-05,D,1859,0,1859,1859,7.52779398772144,0,7.52779398772144,7.52779398772144
258,2020-12-06,D,1924,0,1924,1924,7.56216163122565,0,7.56216163122565,7.56216163122565
259,2020-12-07,D,1925,0,1925,1925,7.56268124672188,0,7.56268124672188,7.56268124672188
260,2020-12-08,D,1676,0,1676,1676,7.42416528104203,0,7.42416528104203,7.42416528104203
261,2020-12-09,D,1890,0,1890,1890,7.54433210805369,0,7.54433210805369,7.54433210805369
262,2020-12-10,D,1983,0,1983,1983,7.5923661285198,0,7.5923661285198,7.5923661285198
263,2020-12-11,D,1848,0,1848,1848,7.52185925220163,0,7.52185925220163,7.52185925220163
264,2020-12-12,D,1873,0,1873,1873,7.53529670244409,0,7.53529670244409,7.53529670244409
265,2020-12-13,D,1677,0,1677,1677,7.42476176182321,0,7.42476176182321,7.42476176182321
266,2020-12-14,D,1940,0,1940,1940,7.57044325205737,0,7.57044325205737,7.57044325205737
267,2020-12-15,D,2275,0,2275,2275,7.72973533138505,0,7.72973533138505,7.72973533138505
268,2020-12-16,D,2139,0,2139,2139,7.66809370908241,0,7.66809370908241,7.66809370908241
269,2020-12-17,D,2432,0,2432,2432,7.79646924308606,0,7.79646924308606,7.79646924308606
270,2020-12-18,D,2290,0,2290,2290,7.73630709654829,0,7.73630709654829,7.73630709654829
271,2020-12-19,D,2357,0,2357,2357,7.76514490293613,0,7.76514490293613,7.76514490293613
272,2020-12-20,D,2316,0,2316,2316,7.74759683869289,0,7.74759683869289,7.74759683869289
273,2020-12-21,D,2123,0,2123,2123,7.66058546170326,0,7.66058546170326,7.66058546170326
274,2020-12-22,D,2202,0,2202,2202,7.69712131728263,0,7.69712131728263,7.69712131728263
275,2020-12-23,D,2408,0,2408,2408,7.78655180642871,0,7.78655180642871,7.78655180642871
276,2020-12-24,D,2447,0,2447,2447,7.80261806344267,0,7.80261806344267,7.80261806344267
277,2020-12-25,D,2159,0,2159,2159,7.67740043051481,0,7.67740043051481,7.67740043051481
278,2020-12-26,D,2142,0,2142,2142,7.66949525100769,0,7.66949525100769,7.66949525100769
279,2020-12-27,D,2005,0,2005,2005,7.60339933974067,0,7.60339933974067,7.60339933974067
280,2020-12-28,D,1939,0,1939,1939,7.56992765524265,0,7.56992765524265,7.56992765524265
281,2020-12-29,D,2553,0,2553,2553,7.84502441724148,0,7.84502441724148,7.84502441724148
282,2020-12-30,D,2923,0,2923,2923,7.98036576511125,0,7.98036576511125,7.98036576511125
283,2020-12-31,D,3328,0,3328,3328,8.1101268019411,0,8.1101268019411,8.1101268019411
284,2021-01-01,D,2476,0,2476,2476,7.81439963380449,0,7.81439963380449,7.81439963380449
285,2021-01-02,D,3363,0,3363,3363,8.12058871174027,0,8.12058871174027,8.12058871174027
286,2021-01-03,D,2964,0,2964,2964,7.99429498641598,0,7.99429498641598,7.99429498641598
287,2021-01-04,D,3270,0,3270,3270,8.0925452638913,0,8.0925452638913,8.0925452638913
288,2021-01-05,D,3128,0,3128,3128,8.0481491016652,0,8.0481491016652,8.0481491016652
289,2021-01-06,D,3266,0,3266,3266,8.09132127353041,0,8.09132127353041,8.09132127353041
290,2021-01-07,D,3519,0,3519,3519,8.16593213732159,0,8.16593213732159,8.16593213732159
291,2021-01-08,D,4249,0,4249,4249,8.35443894011481,0,8.35443894011481,8.35443894011481
292,2021-01-09,D,3443,0,3443,3443,8.14409846333852,0,8.14409846333852,8.14409846333852
293,2021-01-10,D,3945,0,3945,3945,8.28020423327997,0,8.28020423327997,8.28020423327997
294,2021-01-11,D,3338,0,3338,3338,8.11312710422178,0,8.11312710422178,8.11312710422178
295,2021-01-12,D,2903,0,2903,2903,7.97349996402463,0,7.97349996402463,7.97349996402463
296,2021-01-13,D,2961,0,2961,2961,7.99328232810159,0,7.99328232810159,7.99328232810159
297,2021-01-14,D,3326,0,3326,3326,8.10952565975287,0,8.10952565975287,8.10952565975287
298,2021-01-15,D,2998,0,2998,2998,8.00570067866254,0,8.00570067866254,8.00570067866254
299,2021-01-16,D,3056,0,3056,3056,8.02486215028641,0,8.02486215028641,8.02486215028641
300,2021-01-17,D,3422,0,3422,3422,8.13798045445214,0,8.13798045445214,8.13798045445214
301,2021-01-18,D,2578,0,2578,2578,7.85476918349913,0,7.85476918349913,7.85476918349913
302,2021-01-19,D,1913,0,1913,1913,7.55642796944025,0,7.55642796944025,7.55642796944025
303,2021-01-20,D,2655,0,2655,2655,7.88419993367604,0,7.88419993367604,7.88419993367604
304,2021-01-21,D,2632,0,2632,2632,7.87549929244521,0,7.87549929244521,7.87549929244521
305,2021-01-22,D,2662,0,2662,2662,7.88683299895506,0,7.88683299895506,7.88683299895506
306,2021-01-23,D,2359,0,2359,2359,7.76599307940768,0,7.76599307940768,7.76599307940768
307,2021-01-24,D,2417,0,2417,2417,7.79028238070348,0,7.79028238070348,7.79028238070348
308,2021-01-25,D,1958,0,1958,1958,7.57967882309046,0,7.57967882309046,7.57967882309046
309,2021-01-26,D,1740,0,1740,1740,7.46164039220858,0,7.46164039220858,7.46164039220858
310,2021-01-27,D,1670,0,1670,1670,7.4205789054108,0,7.4205789054108,7.4205789054108
311,2021-01-28,D,2093,0,2093,2093,7.646353722446,0,7.646353722446,7.646353722446
312,2021-01-29,D,1837,0,1837,1837,7.51588908521513,0,7.51588908521513,7.51588908521513
313,2021-01-30,D,2063,0,2063,2063,7.63191651307125,0,7.63191651307125,7.63191651307125
314,2021-01-31,D,1848,0,1848,1848,7.52185925220163,0,7.52185925220163,7.52185925220163
315,2021-02-01,D,1969,0,1969,1969,7.58528107863913,0,7.58528107863913,7.58528107863913
316,2021-02-02,D,745,0,745,745,6.61338421837956,0,6.61338421837956,6.61338421837956
317,2021-02-03,D,1172,0,1172,1172,7.06646697013696,0,7.06646697013696,7.06646697013696
318,2021-02-04,D,1563,0,1563,1563,7.35436233042148,0,7.35436233042148,7.35436233042148
319,2021-02-05,D,1670,0,1670,1670,7.4205789054108,0,7.4205789054108,7.4205789054108
320,2021-02-06,D,1388,0,1388,1388,7.23561914106675,0,7.23561914106675,7.23561914106675
321,2021-02-07,D,1489,0,1489,1489,7.30586003268401,0,7.30586003268401,7.30586003268401
322,2021-02-08,D,1265,0,1265,1265,7.14282740116162,0,7.14282740116162,7.14282740116162
323,2021-02-09,D,1022,0,1022,1022,6.92951677076365,0,6.92951677076365,6.92951677076365
324,2021-02-10,D,1072,0,1072,1072,6.97728134163075,0,6.97728134163075,6.97728134163075
325,2021-02-11,D,945,0,945,945,6.85118492749374,0,6.85118492749374,6.85118492749374
326,2021-02-12,D,1076,0,1076,1076,6.98100574072173,0,6.98100574072173,6.98100574072173
327,2021-02-13,D,1300,0,1300,1300,7.17011954344963,0,7.17011954344963,7.17011954344963
328,2021-02-14,D,981,0,981,981,6.88857245956536,0,6.88857245956536,6.88857245956536
329,2021-02-15,D,964,0,964,964,6.87109129461055,0,6.87109129461055,6.87109129461055
330,2021-02-16,D,904,0,904,904,6.80682936039218,0,6.80682936039218,6.80682936039218
331,2021-02-17,D,847,0,847,847,6.74170069465206,0,6.74170069465206,6.74170069465206
332,2021-02-18,D,1038,0,1038,1038,6.94505106372583,0,6.94505106372583,6.94505106372583
333,2021-02-19,D,1150,0,1150,1150,7.0475172213573,0,7.0475172213573,7.0475172213573
334,2021-02-20,D,1228,0,1228,1228,7.11314210870709,0,7.11314210870709,7.11314210870709
335,2021-02-21,D,1087,0,1087,1087,6.99117688712121,0,6.99117688712121,6.99117688712121
336,2021-02-22,D,1058,0,1058,1058,6.96413561241825,0,6.96413561241825,6.96413561241825
337,2021-02-23,D,975,0,975,975,6.88243747099785,0,6.88243747099785,6.88243747099785
338,2021-02-24,D,1054,0,1054,1054,6.96034772910131,0,6.96034772910131,6.96034772910131
339,2021-02-25,D,1138,0,1138,1138,7.03702761468628,0,7.03702761468628,7.03702761468628
340,2021-02-26,D,1258,0,1258,1258,7.13727843726039,0,7.13727843726039,7.13727843726039
341,2021-02-27,D,1185,0,1185,1185,7.07749805356923,0,7.07749805356923,7.07749805356923
342,2021-02-28,D,1062,0,1062,1062,6.96790920180188,0,6.96790920180188,6.96790920180188
343,2021-03-01,D,1023,0,1023,1023,6.93049476595163,0,6.93049476595163,6.93049476595163
344,2021-03-02,D,966,0,966,966,6.87316383421252,0,6.87316383421252,6.87316383421252
345,2021-03-03,D,958,0,958,958,6.86484777797086,0,6.86484777797086,6.86484777797086
346,2021-03-04,D,994,0,994,994,6.90173720665657,0,6.90173720665657,6.90173720665657
347,2021-03-05,D,1250,0,1250,1250,7.13089883029635,0,7.13089883029635,7.13089883029635
348,2021-03-06,D,990,0,990,990,6.89770494312864,0,6.89770494312864,6.89770494312864
349,2021-03-07,D,1299,0,1299,1299,7.1693500166706,0,7.1693500166706,7.1693500166706
350,2021-03-08,D,1631,0,1631,1631,7.39694860262101,0,7.39694860262101,7.39694860262101
351,2021-03-09,D,1185,0,1185,1185,7.07749805356923,0,7.07749805356923,7.07749805356923
352,2021-03-10,D,1316,0,1316,1316,7.18235211188526,0,7.18235211188526,7.18235211188526
353,2021-03-11,D,1092,0,1092,1092,6.99576615630485,0,6.99576615630485,6.99576615630485
354,2021-03-12,D,1371,0,1371,1371,7.22329567956231,0,7.22329567956231,7.22329567956231
355,2021-03-13,D,1468,0,1468,1468,7.29165620917446,0,7.29165620917446,7.29165620917446
356,2021-03-14,D,1747,0,1747,1747,7.46565531013406,0,7.46565531013406,7.46565531013406
357,2021-03-15,D,1268,0,1268,1268,7.14519613499717,0,7.14519613499717,7.14519613499717
358,2021-03-16,D,1074,0,1074,1074,6.97914527506881,0,6.97914527506881,6.97914527506881
359,2021-03-17,D,1508,0,1508,1508,7.3185395485679,0,7.3185395485679,7.3185395485679
360,2021-03-18,D,1553,0,1553,1553,7.34794382314869,0,7.34794382314869,7.34794382314869
361,2021-03-19,D,1745,0,1745,1745,7.46450983463653,0,7.46450983463653,7.46450983463653
362,2021-03-20,D,1829,0,1829,1829,7.51152464839087,0,7.51152464839087,7.51152464839087
363,2021-03-21,D,1791,0,1791,1791,7.49052940206071,0,7.49052940206071,7.49052940206071
364,2021-03-22,D,1699,0,1699,1699,7.43779512167193,0,7.43779512167193,7.43779512167193
365,2021-03-23,D,1546,0,1546,1546,7.34342622914737,0,7.34342622914737,7.34342622914737
366,2021-03-24,D,1571,0,1571,1571,7.35946763825562,0,7.35946763825562,7.35946763825562
367,2021-03-25,D,2380,0,2380,2380,7.77485576666552,0,7.77485576666552,7.77485576666552
368,2021-03-26,D,2169,0,2169,2169,7.68202151082688,0,7.68202151082688,7.68202151082688
369,2021-03-27,D,2453,0,2453,2453,7.80506704425849,0,7.80506704425849,7.80506704425849
370,2021-03-28,D,2448,0,2448,2448,7.80302664363222,0,7.80302664363222,7.80302664363222
371,2021-03-29,D,2094,0,2094,2094,7.64683139143048,0,7.64683139143048,7.64683139143048
372,2021-03-30,D,2336,0,2336,2336,7.75619534394812,0,7.75619534394812,7.75619534394812
373,2021-03-31,D,2333,0,2333,2333,7.75491027202143,0,7.75491027202143,7.75491027202143
374,2021-04-01,D,2557,0,2557,2557,7.84658997529119,0,7.84658997529119,7.84658997529119
375,2021-04-02,D,3089,0,3089,3089,8.03560269291858,0,8.03560269291858,8.03560269291858
376,2021-04-03,D,3009,0,3009,3009,8.00936307663005,0,8.00936307663005,8.00936307663005
377,2021-04-04,D,3041,0,3041,3041,8.01994168767737,0,8.01994168767737,8.01994168767737
378,2021-04-05,D,2938,0,2938,2938,7.98548435673382,0,7.98548435673382,7.98548435673382
379,2021-04-06,D,3065,0,3065,3065,8.02780284837031,0,8.02780284837031,8.02780284837031
380,2021-04-07,D,3215,0,3215,3215,8.07558263667172,0,8.07558263667172,8.07558263667172
381,2021-04-08,D,3295,0,3295,3295,8.10016144693661,0,8.10016144693661,8.10016144693661
382,2021-04-09,D,4227,0,4227,4227,8.34924780056679,0,8.34924780056679,8.34924780056679
383,2021-04-10,D,3813,0,3813,3813,8.24617155985756,0,8.24617155985756,8.24617155985756
384,2021-04-11,D,4456,0,4456,4456,8.40200678160712,0,8.40200678160712,8.40200678160712
385,2021-04-12,D,4401,0,4401,4401,8.38958706681109,0,8.38958706681109,8.38958706681109
386,2021-04-13,D,3670,0,3670,3670,8.20794694104862,0,8.20794694104862,8.20794694104862
387,2021-04-14,D,4156,0,4156,4156,8.33230835221912,0,8.33230835221912,8.33230835221912
388,2021-04-15,D,4736,0,4736,4736,8.46294817656384,0,8.46294817656384,8.46294817656384
389,2021-04-16,D,4812,0,4812,4812,8.47886807709457,0,8.47886807709457,8.47886807709457
390,2021-04-17,D,4362,0,4362,4362,8.38068594676157,0,8.38068594676157,8.38068594676157
391,2021-04-18,D,4250,0,4250,4250,8.35467426191846,0,8.35467426191846,8.35467426191846
392,2021-04-19,D,4447,0,4447,4447,8.3999849905107,0,8.3999849905107,8.3999849905107
393,2021-04-20,D,3469,0,3469,3469,8.15162164696975,0,8.15162164696975,8.15162164696975
394,2021-04-21,D,4212,0,4212,4212,8.34569287325387,0,8.34569287325387,8.34569287325387
395,2021-04-22,D,3682,0,3682,3682,8.21121136179302,0,8.21121136179302,8.21121136179302
396,2021-04-23,D,4505,0,4505,4505,8.41294317004244,0,8.41294317004244,8.41294317004244
397,2021-04-24,D,4094,0,4094,4094,8.31727776622124,0,8.31727776622124,8.31727776622124
398,2021-04-25,D,3947,0,3947,3947,8.28071107566285,0,8.28071107566285,8.28071107566285
399,2021-04-26,D,3510,0,3510,3510,8.16337131645991,0,8.16337131645991,8.16337131645991
400,2021-04-27,D,3265,0,3265,3265,8.09101504171053,0,8.09101504171053,8.09101504171053
401,2021-04-28,D,3480,0,3480,3480,8.15478757276852,0,8.15478757276852,8.15478757276852
402,2021-04-29,D,3871,0,3871,3871,8.26126815057765,0,8.26126815057765,8.26126815057765
403,2021-04-30,D,3887,0,3887,3887,8.26539293085222,0,8.26539293085222,8.26539293085222
404,2021-05-01,D,3369,0,3369,3369,8.12237124340655,0,8.12237124340655,8.12237124340655
405,2021-05-02,D,3732,0,3732,3732,8.22469956196724,0,8.22469956196724,8.22469956196724
406,2021-05-03,D,3436,0,3436,3436,8.14206328310415,0,8.14206328310415,8.14206328310415
407,2021-05-04,D,2791,0,2791,2791,7.93415523353632,0,7.93415523353632,7.93415523353632
408,2021-05-05,D,2941,0,2941,2941,7.986504938554,0,7.986504938554,7.986504938554
409,2021-05-06,D,3424,0,3424,3424,8.13856473726163,0,8.13856473726163,8.13856473726163
410,2021-05-07,D,3166,0,3166,3166,8.06022424044096,0,8.06022424044096,8.06022424044096
411,2021-05-08,D,2864,0,2864,2864,7.95997452808054,0,7.95997452808054,7.95997452808054
412,2021-05-09,D,3216,0,3216,3216,8.07589363029886,0,8.07589363029886,8.07589363029886
413,2021-05-10,D,2716,0,2716,2716,7.90691548867859,0,7.90691548867859,7.90691548867859
414,2021-05-11,D,2073,0,2073,2073,7.63675211243578,0,7.63675211243578,7.63675211243578
415,2021-05-12,D,2320,0,2320,2320,7.74932246466036,0,7.74932246466036,7.74932246466036
416,2021-05-13,D,2759,0,2759,2759,7.92262357421729,0,7.92262357421729,7.92262357421729
417,2021-05-14,D,2362,0,2362,2362,7.76726399675731,0,7.76726399675731,7.76726399675731
418,2021-05-15,D,2584,0,2584,2584,7.85709386490249,0,7.85709386490249,7.85709386490249
419,2021-05-16,D,2199,0,2199,2199,7.69575799055476,0,7.69575799055476,7.69575799055476
420,2021-05-17,D,2170,0,2170,2170,7.68248244653451,0,7.68248244653451,7.68248244653451
421,2021-05-18,D,1616,0,1616,1616,7.38770923908104,0,7.38770923908104,7.38770923908104
422,2021-05-19,D,1588,0,1588,1588,7.37023064180708,0,7.37023064180708,7.37023064180708
423,2021-05-20,D,2400,0,2400,2400,7.78322401633604,0,7.78322401633604,7.78322401633604
424,2021-05-21,D,1890,0,1890,1890,7.54433210805369,0,7.54433210805369,7.54433210805369
425,2021-05-22,D,1794,0,1794,1794,7.49220304261874,0,7.49220304261874,7.49220304261874
426,2021-05-23,D,1691,0,1691,1691,7.43307534889858,0,7.43307534889858,7.43307534889858
427,2021-05-24,D,1446,0,1446,1446,7.27655640271871,0,7.27655640271871,7.27655640271871
428,2021-05-25,D,1039,0,1039,1039,6.94601399109923,0,6.94601399109923,6.94601399109923
429,2021-05-26,D,1095,0,1095,1095,6.9985096422506,0,6.9985096422506,6.9985096422506
430,2021-05-27,D,1135,0,1135,1135,7.0343879299155,0,7.0343879299155,7.0343879299155
431,2021-05-28,D,1273,0,1273,1273,7.14913159855741,0,7.14913159855741,7.14913159855741
432,2021-05-29,D,1057,0,1057,1057,6.96318998587024,0,6.96318998587024,6.96318998587024
433,2021-05-30,D,1033,0,1033,1033,6.94022246911964,0,6.94022246911964,6.94022246911964
434,2021-05-31,D,916,0,916,916,6.82001636467413,0,6.82001636467413,6.82001636467413
435,2021-06-01,D,699,0,699,699,6.54965074223381,0,6.54965074223381,6.54965074223381
436,2021-06-02,D,733,0,733,733,6.59714570188665,0,6.59714570188665,6.59714570188665
437,2021-06-03,D,870,0,870,870,6.76849321164863,0,6.76849321164863,6.76849321164863
438,2021-06-04,D,914,0,914,914,6.81783057145415,0,6.81783057145415,6.81783057145415
439,2021-06-05,D,744,0,744,744,6.61204103483309,0,6.61204103483309,6.61204103483309
440,2021-06-06,D,663,0,663,663,6.49677499018586,0,6.49677499018586,6.49677499018586
441,2021-06-07,D,525,0,525,525,6.26339826259162,0,6.26339826259162,6.26339826259162
442,2021-06-08,D,469,0,469,469,6.15060276844628,0,6.15060276844628,6.15060276844628
443,2021-06-09,D,411,0,411,411,6.01859321449623,0,6.01859321449623,6.01859321449623
444,2021-06-10,D,590,0,590,590,6.38012253689977,0,6.38012253689977,6.38012253689977
445,2021-06-11,D,574,0,574,574,6.35262939631957,0,6.35262939631957,6.35262939631957
446,2021-06-12,D,502,0,502,502,6.21860011969173,0,6.21860011969173,6.21860011969173
447,2021-06-13,D,530,0,530,530,6.27287700654617,0,6.27287700654617,6.27287700654617
448,2021-06-14,D,447,0,447,447,6.10255859461357,0,6.10255859461357,6.10255859461357
449,2021-06-15,D,296,0,296,296,5.69035945432406,0,5.69035945432406,5.69035945432406
450,2021-06-16,D,384,0,384,384,5.95064255258773,0,5.95064255258773,5.95064255258773
451,2021-06-17,D,370,0,370,370,5.91350300563827,0,5.91350300563827,5.91350300563827
452,2021-06-18,D,345,0,345,345,5.84354441703136,0,5.84354441703136,5.84354441703136
453,2021-06-19,D,355,0,355,355,5.87211778947542,0,5.87211778947542,5.87211778947542
454,2021-06-20,D,318,0,318,318,5.76205138278018,0,5.76205138278018,5.76205138278018
61,2020-05-23,I,359.292533333333,26.2046802845856,512,247,5.88146246880321,0.0732876794555127,6.23832462503951,5.50938833662798
62,2020-05-24,I,309.08862,25.1932575205569,423,198,5.73028555422266,0.0819594093064856,6.04737217904628,5.28826703069454
63,2020-05-25,I,285.001386666667,24.5232593132616,402,179,5.64876731718882,0.0865592518350984,5.99645208861902,5.18738580584076
64,2020-05-26,I,307.096253333333,24.8691174977291,411,213,5.72386177800185,0.0814272079315556,6.01859321449623,5.36129216570943
65,2020-05-27,I,339.4653,25.5516217713443,475,242,5.82452498967518,0.0756020908131576,6.16331480403464,5.48893772615669
66,2020-05-28,I,348.056393333333,25.7762498415174,474,241,5.84960616700704,0.0744357344800226,6.16120732169508,5.48479693349066
67,2020-05-29,I,364.545846666667,26.2449067449418,473,263,5.89604479642786,0.0723749381692207,6.15909538849193,5.57215403217777
68,2020-05-30,I,394.0445,26.6313208071183,527,281,5.9741687149225,0.0678753547574319,6.26720054854136,5.63835466933375
69,2020-05-31,I,418.53706,26.9599701809247,545,314,6.03468310358539,0.0646277907260371,6.30078579466324,5.74939298590825
70,2020-06-01,I,405.337726666667,26.8783782437371,543,283,6.00251284471894,0.066556734064092,6.29710931993394,5.64544689764324
71,2020-06-02,I,375.261113333333,26.3409344074831,487,266,5.92514689531087,0.0704856164092239,6.18826412308259,5.5834963087817
72,2020-06-03,I,370.339893333333,26.2012281369467,493,255,5.91190565579686,0.0710667778720172,6.20050917404269,5.54126354515843
73,2020-06-04,I,362.278066666667,25.9823238530206,477,245,5.88982838504003,0.0720142513630952,6.16751649088834,5.50125821054473
74,2020-06-05,I,330.616413333333,25.3046890934814,439,231,5.79800986911875,0.0769876689841226,6.08449941307517,5.44241771052179
75,2020-06-06,I,249.393013333333,23.8211805650093,371,150,5.51442192493228,0.096359483896802,5.91620206260744,5.01063529409626
76,2020-06-07,I,180.104506666667,21.9729115901583,278,93,5.18598353028764,0.123608076283038,5.62762111369064,4.53259949315326
77,2020-06-08,I,161.864873333333,21.6192305611961,265,71,5.07765348821453,0.136022070833215,5.57972982598622,4.26267987704132
78,2020-06-09,I,164.611686666667,21.9144800162979,263,80,5.09455045394539,0.135439032532054,5.57215403217777,4.38202663467388
79,2020-06-10,I,169.283233333333,21.6923738352008,270,80,5.12320114896771,0.130324926827674,5.59842195899838,4.38202663467388
80,2020-06-11,I,186.927186666667,21.8219893581364,283,100,5.22380105891714,0.118286911613175,5.64544689764324,4.60517018598809
81,2020-06-12,I,198.747426666667,22.1780953306945,302,109,5.28571484176659,0.113035981842373,5.71042701737487,4.69134788222914
82,2020-06-13,I,175.1374,21.3962236519106,270,76,5.15797735179724,0.124027483069402,5.59842195899838,4.33073334028633
83,2020-06-14,I,166.20528,21.2470955595206,269,83,5.10491664198849,0.129711274189745,5.59471137960184,4.4188406077966
84,2020-06-15,I,170.13186,21.3922320120569,264,73,5.12852436680715,0.127731337538854,5.57594910314632,4.29045944114839
85,2020-06-16,I,174.13224,21.3703825547743,268,86,5.15215500233925,0.124561322201227,5.59098698051086,4.45434729625351
86,2020-06-17,I,177.08454,21.1252246099893,275,90,5.16941057740983,0.120786249752344,5.61677109766657,4.49980967033027
87,2020-06-18,I,185.015106666667,21.3614905974238,290,94,5.21366750838355,0.117032547311714,5.66988092298052,4.54329478227
88,2020-06-19,I,187.057466666667,21.5138782315493,294,90,5.22470369706151,0.11649969855942,5.68357976733868,4.49980967033027
89,2020-06-20,I,175.985146666667,21.1274720489459,276,86,5.16308161635652,0.121676432347403,5.62040086571715,4.45434729625351
90,2020-06-21,I,174.957553333333,21.0477849588858,264,89,5.15719160670364,0.121966497885465,5.57594910314632,4.48863636973214
91,2020-06-22,I,172.304073333333,21.0668487950953,268,83,5.14166376070819,0.124011024357073,5.59098698051086,4.4188406077966
92,2020-06-23,I,151.268106666667,20.5936540259177,244,70,5.00958573007712,0.138698160468766,5.4971682252932,4.24849524204936
93,2020-06-24,I,144.123866666667,20.5648754711258,235,59,4.9602433520916,0.145711224909705,5.45958551414416,4.07753744390572
94,2020-06-25,I,148.9547,20.4243019201161,235,63,4.99400970918299,0.140013827242284,5.45958551414416,4.14313472639153
95,2020-06-26,I,188.8683,21.4642248061663,284,100,5.23450360726466,0.115006363145992,5.64897423816121,4.60517018598809
96,2020-06-27,I,214.01384,21.7317619377164,310,129,5.36082267177593,0.102606875316076,5.73657229747919,4.85981240436167
97,2020-06-28,I,200.092086666667,21.7242182749319,308,112,5.29281827658569,0.10964529321935,5.73009978297357,4.71849887129509
98,2020-06-29,I,148.57274,20.384782865859,259,64,4.99144783742932,0.139920607794402,5.55682806169954,4.15888308335967
99,2020-06-30,I,129.7672,20.1037234998393,224,45,4.85340674613429,0.158708828035603,5.41164605185504,3.80666248977032
100,2020-07-01,I,127.172166666667,19.9651475331304,222,51,4.83285410040699,0.161020796701315,5.40267738187228,3.93182563272433
101,2020-07-02,I,122.916566666667,19.984431975808,208,33,4.79780158263903,0.167710234572454,5.33753807970132,3.49650756146648
102,2020-07-03,I,117.27618,19.5024172921239,208,35,4.75021357799922,0.171409582672962,5.33753807970132,3.55534806148941
103,2020-07-04,I,126.348,19.6462424524119,224,43,4.82656446251669,0.159789943600477,5.41164605185504,3.76120011569356
104,2020-07-05,I,127.142613333333,19.572021915584,221,47,4.83314165659036,0.157555164795067,5.39816270151775,3.85014760171006
105,2020-07-06,I,122.965573333333,19.4707108805809,209,44,4.79898720092311,0.162513540795819,5.34233425196481,3.78418963391826
106,2020-07-07,I,136.448573333333,19.8028677129119,234,60,4.90516122193862,0.14818912559493,5.4553211153577,4.0943445622221
107,2020-07-08,I,141.97484,19.9943726785145,235,63,4.94550683731836,0.143622609013442,5.45958551414416,4.14313472639153
108,2020-07-09,I,121.301006666667,19.2784826352916,210,49,4.78527728874848,0.162968881468569,5.34710753071747,3.89182029811063
109,2020-07-10,I,114.183526666667,19.0928459954964,207,38,4.72332517548106,0.172404300966259,5.33271879326537,3.63758615972639
110,2020-07-11,I,104.711453333333,18.9685386765618,191,26,4.63409470997198,0.187915322501486,5.25227342804663,3.25809653802148
111,2020-07-12,I,95.23064,18.5626494787276,174,20,4.53632277539772,0.20364340913323,5.15905529921453,2.99573227355399
112,2020-07-13,I,95.0333266666667,18.723288343935,181,10,4.53374225162442,0.206558662596946,5.19849703126583,2.30258509299405
113,2020-07-14,I,107.755406666667,19.0639744982199,198,32,4.66361371758381,0.182807826553733,5.28826703069454,3.46573590279973
114,2020-07-15,I,134.139926666667,19.6237857666254,224,62,4.88794363538686,0.149164197319644,5.41164605185504,4.12713438504509
115,2020-07-16,I,166.121206666667,20.3286068704262,266,83,5.1051000801217,0.124214065400319,5.5834963087817,4.4188406077966
116,2020-07-17,I,193.50904,21.2019777796981,289,105,5.25925075824573,0.110718457049873,5.66642668811243,4.65396035015752
117,2020-07-18,I,188.278773333333,21.1670191346495,275,102,5.23151925357442,0.11374336672038,5.61677109766657,4.62497281328427
118,2020-07-19,I,180.230966666667,20.7885435313741,276,100,5.18749818841406,0.116697043679068,5.62040086571715,4.60517018598809
119,2020-07-20,I,176.7488,21.0835337486225,271,89,5.16749093449118,0.121079552343404,5.6021188208797,4.48863636973214
120,2020-07-21,I,146.94158,20.3985034033515,242,69,4.98018732613508,0.141471933531153,5.48893772615669,4.23410650459726
121,2020-07-22,I,136.41156,19.9458016618308,220,57,4.90471270774259,0.149446931484033,5.39362754635236,4.04305126783455
122,2020-07-23,I,143.79396,20.4261710159985,234,63,4.95804590743692,0.145046204287219,5.4553211153577,4.14313472639153
123,2020-07-24,I,115.273953333333,19.5819197028369,212,38,4.73233424967484,0.17544026500284,5.35658627467201,3.63758615972639
124,2020-07-25,I,93.4341733333333,18.7196774284559,174,21,4.51618943389708,0.209074353573862,5.15905529921453,3.04452243772342
125,2020-07-26,I,76.0831266666667,18.2907001949637,156,11,4.30052007085805,0.257866282957871,5.04985600724954,2.39789527279837
126,2020-07-27,I,69.63622,18.1592720808411,160,4,4.20542233787919,0.287186110927834,5.07517381523383,1.38629436111989
127,2020-07-28,I,80.0081266666667,18.2672630291627,167,7,4.35389638509764,0.245016944627508,5.11799381241676,1.94591014905531
128,2020-07-29,I,115.575473333333,18.8938495361045,208,36,4.73607680321574,0.168554602681926,5.33753807970132,3.58351893845611
129,2020-07-30,I,139.545093333333,19.6607547386446,245,56,4.92820497573397,0.144044282937493,5.50125821054473,4.02535169073515
130,2020-07-31,I,120.417593333333,19.158707755183,218,38,4.77787115133972,0.163828482762776,5.38449506278909,3.63758615972639
131,2020-08-01,I,91.8477333333333,18.4608362092669,172,20,4.49879523459486,0.210759407830139,5.14749447681345,2.99573227355399
132,2020-08-02,I,73.4323466666667,17.6397094861422,150,4,4.26496908059611,0.258869418466437,5.01063529409626,1.38629436111989
133,2020-08-03,I,73.1674333333333,17.6624260079839,151,1,4.26064279281164,0.26325576351867,5.01727983681492,1.09861228866811
134,2020-08-04,I,78.3208333333333,17.8900022261994,164,8,4.33268299969702,0.244000839838624,5.0998664278242,2.07944154167984
135,2020-08-05,I,80.9039733333333,17.8706530737099,167,12,4.36710776900537,0.234595167988012,5.11799381241676,2.484906649788
136,2020-08-06,I,74.8940466666667,17.6062896081878,167,9,4.2861919471351,0.251667834927679,5.11799381241676,2.19722457733622
137,2020-08-07,I,72.7618866666667,17.4204833035351,167,9,4.25610632097126,0.257139591367614,5.11799381241676,2.19722457733622
138,2020-08-08,I,80.8364,17.4542082615026,159,14,4.36764407923126,0.227793678035498,5.06890420222023,2.63905732961526
139,2020-08-09,I,74.1125533333333,17.6448372245924,159,0,4.27430544947347,0.260994365561477,5.06890420222023,0.693147180559945
140,2020-08-10,I,59.54254,16.8349449989465,137,2,4.04159506605736,0.314872042054865,4.91998092582813,0.693147180559945
141,2020-08-11,I,90.01094,17.8886137062957,174,17,4.47910690005761,0.208135009166285,5.15905529921453,2.83321334405622
142,2020-08-12,I,99.85602,17.9502448776669,181,20,4.58690672200842,0.186169457802712,5.19849703126583,2.99573227355399
143,2020-08-13,I,108.959953333333,18.5016948327056,190,33,4.67603200270736,0.17522049418057,5.24702407216049,3.49650756146648
144,2020-08-14,I,108.35926,18.5232128147851,203,26,4.67025095127695,0.176901697926256,5.31320597904179,3.25809653802148
145,2020-08-15,I,104.092766666667,18.4878374347328,204,35,4.62892454036257,0.183354947579527,5.31811999384422,3.55534806148941
146,2020-08-16,I,115.016133333333,18.6287548318614,200,38,4.73150659435069,0.166726347557982,5.29831736654804,3.63758615972639
147,2020-08-17,I,115.46818,18.8425053470689,207,41,4.73524269699703,0.167843728853091,5.33271879326537,3.71357206670431
148,2020-08-18,I,101.102646666667,18.657694509029,187,26,4.59834872768705,0.191688107141728,5.23110861685459,3.25809653802148
149,2020-08-19,I,105.318666666667,18.6788933709309,200,31,4.640681793343,0.183067964116217,5.29831736654804,3.43398720448515
150,2020-08-20,I,123.714233333333,19.0228027165394,209,41,4.80582580453764,0.157463220509905,5.34233425196481,3.71357206670431
151,2020-08-21,I,113.556886666667,18.8765828319027,193,44,4.71802310277748,0.171084782795251,5.26269018890489,3.78418963391826
152,2020-08-22,I,103.508586666667,18.703660741024,189,28,4.62263653121227,0.187330452982868,5.24174701505964,3.3322045101752
153,2020-08-23,I,94.93128,18.5076543025686,178,29,4.53316151612052,0.203659274157888,5.18178355029209,3.36729582998647
154,2020-08-24,I,96.47274,18.5555261923795,176,28,4.54978623063691,0.201055761642385,5.17048399503815,3.3322045101752
155,2020-08-25,I,112.257653333333,18.7704097881492,190,38,4.70630702777521,0.172476565756109,5.24702407216049,3.63758615972639
156,2020-08-26,I,137.372713333333,19.5036731769413,229,60,4.91235535839369,0.145168909906183,5.43372200355424,4.0943445622221
157,2020-08-27,I,143.985186666667,19.6906259940317,244,61,4.96015104189775,0.139391680113109,5.4971682252932,4.11087386417331
158,2020-08-28,I,133.94284,19.6759337012719,225,38,4.88636861224164,0.149948687511525,5.41610040220442,3.63758615972639
159,2020-08-29,I,113.25776,19.0979228710032,199,41,4.71495473101107,0.173720409244563,5.29330482472449,3.71357206670431
160,2020-08-30,I,113.69612,19.2250382130412,203,35,4.71870507101734,0.174476734380671,5.31320597904179,3.55534806148941
161,2020-08-31,I,128.78648,19.6521696154582,218,46,4.84619554932386,0.156217808467348,5.38449506278909,3.8286413964891
162,2020-09-01,I,150.404653333333,20.0423135800747,240,60,5.00427826762611,0.135523779733195,5.48063892334199,4.0943445622221
163,2020-09-02,I,166.849606666667,20.6773811737827,253,87,5.10928284559129,0.125760967168892,5.53338948872752,4.46590811865458
164,2020-09-03,I,183.23962,21.0470627114868,282,98,5.20409876099259,0.116356553151232,5.64190707093811,4.58496747867057
165,2020-09-04,I,190.622066666667,21.1935767198504,288,84,5.24401599169524,0.112666819122611,5.66296048013595,4.43081679884331
166,2020-09-05,I,189.705773333333,21.0459224128481,278,102,5.23923068584789,0.11233415353337,5.62762111369064,4.62497281328427
167,2020-09-06,I,188.729006666667,21.4939168728357,298,104,5.23372534615474,0.115427616202693,5.69709348650541,4.64439089914137
168,2020-09-07,I,179.205466666667,21.2725999101881,277,94,5.18137612456637,0.120335120690405,5.62401750618734,4.54329478227
169,2020-09-08,I,182.791126666667,21.2738536497179,278,101,5.20146920463193,0.117906345932416,5.62762111369064,4.61512051684126
170,2020-09-09,I,215.83276,21.9872150813432,315,112,5.36925270850877,0.102927312074408,5.75257263882563,4.71849887129509
171,2020-09-10,I,254.211826666667,23.0032294208237,361,163,5.53403367904983,0.0912485309310103,5.88887795833288,5.09375020080676
172,2020-09-11,I,277.795626666667,23.6359095992117,390,177,5.62324066266854,0.0856109166777837,5.96614673912369,5.17614973257383
173,2020-09-12,I,302.677206666667,24.0600729503887,407,205,5.70948748325622,0.0799318310881062,6.0088131854426,5.32300997913841
174,2020-09-13,I,337.87706,25.0682966158393,454,224,5.81991295453168,0.0745850746565684,6.11809719804135,5.41164605185504
175,2020-09-14,I,349.849753333333,25.3687685242163,466,244,5.85486269835156,0.0728088471646619,6.14418563412565,5.4971682252932
176,2020-09-15,I,382.450013333333,26.0164642814747,499,277,5.94427496961335,0.0682696707595866,6.21260609575152,5.62401750618734
177,2020-09-16,I,411.74654,26.4130483351673,530,291,6.01834229758271,0.0643728913376328,6.27287700654617,5.67332326717149
178,2020-09-17,I,444.437993333333,27.1994212051785,562,335,6.09493086749907,0.0613999234428404,6.33150184989369,5.81413053182507
179,2020-09-18,I,440.62314,27.3615175180643,569,319,6.08625467026754,0.062303382372614,6.34388043412633,5.76519110278484
180,2020-09-19,I,432.180813333333,27.1576979291115,552,328,6.0668625635307,0.0630400951590851,6.3135480462771,5.79301360838414
181,2020-09-20,I,436.53276,27.2260774842375,557,328,6.07691178455896,0.0625607269618926,6.32256523992728,5.79301360838414
182,2020-09-21,I,425.286346666667,27.4278621266276,570,309,6.05067542207919,0.0647045600845101,6.3456363608286,5.73334127689775
183,2020-09-22,I,416.4168,27.4159419921908,558,290,6.02950965312039,0.0660957441068933,6.32435896238131,5.66988092298052
184,2020-09-23,I,459.65916,28.0591355924412,589,339,6.12861643859449,0.0612124047207989,6.37842618365159,5.82600010738045
185,2020-09-24,I,513.105666666667,28.9492642673621,646,374,6.23888546560186,0.0565691502052071,6.4707995037826,5.92425579741453
186,2020-09-25,I,578.875553333333,30.0615863024608,714,443,6.35973546721085,0.0520541471736178,6.57088296233958,6.09356977004514
187,2020-09-26,I,647.74388,31.1184454131292,786,502,6.47233887264131,0.0481340336266028,6.66695679242921,6.21860011969173
188,2020-09-27,I,683.33596,31.84452016755,825,542,6.52589864055103,0.0466831421745017,6.71538338633468,6.29526600143965
189,2020-09-28,I,656.15588,31.378298425446,788,515,6.48525216896361,0.0479224561381156,6.66949808985788,6.24416690066374
190,2020-09-29,I,653.667673333333,31.3789750722858,796,522,6.48144430617039,0.0480982484872494,6.67959918584438,6.25766758788264
191,2020-09-30,I,651.114953333333,31.2968950915066,782,516,6.47752844217732,0.0481608754296997,6.66185474054531,6.24610676548156
192,2020-10-01,I,660.328566666667,31.513800650029,801,515,6.49159680251244,0.0477990730770457,6.68586094706836,6.24416690066374
193,2020-10-02,I,629.635326666667,31.2307908285279,767,486,6.44390706180783,0.0497258430998655,6.64248680136726,6.18620862390049
194,2020-10-03,I,622.848226666667,31.0913052580681,782,497,6.43305420209227,0.0500171425217866,6.66185474054531,6.20859002609663
195,2020-10-04,I,655.666746666667,31.609800432973,795,516,6.48448857704495,0.0482855523642563,6.67834211465433,6.24610676548156
196,2020-10-05,I,704.55818,32.4391839769742,845,535,6.55650921111304,0.0461123968694377,6.73933662735717,6.28226674689601
197,2020-10-06,I,787.602706666667,33.5740098801869,943,632,6.66808356428017,0.0426960713139733,6.84906628263346,6.44888939414686
198,2020-10-07,I,861.915686666667,34.4626950355136,1015,718,6.75835715976047,0.0400273838344868,6.92264389147589,6.57646956904822
199,2020-10-08,I,853.068546666667,34.3975489819211,1008,711,6.74802575005333,0.0403757663111713,6.91572344863131,6.56667242980324
200,2020-10-09,I,785.797733333333,33.9052523753545,933,634,6.66576670796183,0.04322284162583,6.83840520084734,6.45204895443723
201,2020-10-10,I,751.781433333333,33.0960485698081,914,598,6.62147462902688,0.044101659092461,6.81783057145415,6.39359075395063
202,2020-10-11,I,758.285173333333,33.2280178490646,917,617,6.63009804787911,0.0438784653425851,6.82110747225647,6.42486902390539
203,2020-10-12,I,742.43054,33.2039968278585,890,604,6.60892774910224,0.0447843050277433,6.79122146272619,6.40357419793482
204,2020-10-13,I,738.020173333333,33.0742220729537,893,606,6.60296523966352,0.0448843673727708,6.7945865808765,6.40687998606931
205,2020-10-14,I,740.55358,33.0206844006539,878,583,6.60640187982127,0.0446682381190235,6.77764659363512,6.36818718635049
206,2020-10-15,I,737.600206666667,32.9312182443679,905,597,6.60240390926757,0.0447044824637862,6.80793494369993,6.3919171133926
207,2020-10-16,I,748.467273333333,33.2002270674836,893,586,6.6170417293069,0.0444348102519625,6.7945865808765,6.37331978957701
208,2020-10-17,I,756.747366666667,33.3362988116209,937,614,6.62805787825569,0.0441071429517488,6.84268328223842,6.41999492814714
209,2020-10-18,I,807.318246666667,34.0140764798215,976,657,6.69282929337243,0.0421808212935595,6.88346258641309,6.48768401848461
210,2020-10-19,I,860.81324,34.7327705460525,1002,720,6.75706255645571,0.0403943408353619,6.90975328164481,6.5792512120101
211,2020-10-20,I,891.21038,35.3831805625033,1055,725,6.79179130067498,0.0397512585464154,6.96129604591017,6.58617165485468
212,2020-10-21,I,924.009933333333,35.69502834984,1082,776,6.82797562392302,0.038678250020837,6.98656645940643,6.65415252018322
213,2020-10-22,I,948.101593333333,35.9158229536353,1118,770,6.85374325057902,0.0379241706098038,7.01929665371505,6.64639051484773
214,2020-10-23,I,964.39786,36.2179194000931,1123,805,6.87079767088611,0.0376044070643951,7.02375895473844,6.69084227741856
215,2020-10-24,I,932.10818,35.8211359132117,1078,780,6.83670958916614,0.0384706543006212,6.98286275146894,6.65929391968364
216,2020-10-25,I,885.442846666667,35.2581613400751,1042,742,6.78529383973387,0.0398755195826122,6.94889722231331,6.60934924316738
217,2020-10-26,I,888.565,35.2440179690873,1049,748,6.78882010714875,0.0397128785932125,6.9555926083963,6.61740297797448
218,2020-10-27,I,920.389153333333,35.5546301798796,1079,773,6.8240494893092,0.0386741386305649,6.98378996525814,6.65027904858742
219,2020-10-28,I,959.173533333333,36.2700056465985,1146,804,6.86535602427789,0.0378622425847918,7.04403289727469,6.68959926917897
220,2020-10-29,I,984.064106666667,36.5062338288866,1146,834,6.89100208486741,0.0371382705559206,7.04403289727469,6.72623340235875
221,2020-10-30,I,1012.27384,36.8515459453737,1177,855,6.91929092210208,0.0364452183696192,7.07072410726028,6.75110146893676
222,2020-10-31,I,1018.67932666667,37.0526905180418,1178,850,6.92559988915762,0.0364163031066017,7.07157336421153,6.74523634948436
223,2020-11-01,I,1038.20728666667,37.3290406424586,1203,875,6.9446038144633,0.0359836570418383,7.09257371597468,6.77422388635761
224,2020-11-02,I,1072.62441333333,37.7142698514787,1243,919,6.97724483159363,0.0351952075530723,7.12528309151071,6.82328612235569
225,2020-11-03,I,1103.03243333333,38.0162248209176,1262,943,7.00522375721106,0.0345027874561599,7.14045304310116,6.84906628263346
226,2020-11-04,I,1162.98456666667,39.0351644047512,1335,1001,7.05818091299689,0.0335997480089315,7.19668657083435,6.90875477931522
227,2020-11-05,I,1247.68986,40.1946360091181,1428,1067,7.12852974757535,0.0322358732434618,7.26403014289953,6.97260625130175
228,2020-11-06,I,1351.32328666667,41.1898771112232,1528,1175,7.20837465138973,0.030504666348924,7.33171496972647,7.06902342657826
229,2020-11-07,I,1428.61918,42.230181845642,1614,1240,7.26402634072362,0.0295841393664345,7.38647084882989,7.12286665859908
230,2020-11-08,I,1463.20631333333,42.5986200765319,1667,1257,7.28796133514463,0.0291312158551072,7.41878088275079,7.13648320859025
231,2020-11-09,I,1505.31399333333,43.056460149185,1698,1332,7.31634751413694,0.0286170049059559,7.43720636687129,7.19443685110034
232,2020-11-10,I,1517.13852,43.1520086768695,1730,1328,7.3241764501481,0.028463673012358,7.45587668749182,7.19142933003638
233,2020-11-11,I,1497.41685333333,43.0736168538811,1682,1325,7.31108276065424,0.0287852484747127,7.42773884053289,7.18916773842032
234,2020-11-12,I,1446.22400666667,42.4224533171243,1627,1252,7.27628076650827,0.0293527972993805,7.39449310721904,7.13249755166004
235,2020-11-13,I,1411.71632666667,42.2614526052895,1609,1220,7.25211307679672,0.0299563382260503,7.38336814699238,7.1066061377273
236,2020-11-14,I,1362.48482666667,41.7052966098439,1549,1183,7.21659668909952,0.030624372484467,7.34536484041687,7.07580886397839
237,2020-11-15,I,1368.37582,41.7343759713163,1560,1198,7.22091440863361,0.030516361960944,7.35244110024358,7.0884087786754
238,2020-11-16,I,1357.16370666667,41.6405734795966,1536,1176,7.21268127975293,0.030701385275568,7.33693691370762,7.06987412845857
239,2020-11-17,I,1388.46199333333,42.1094141910299,1573,1212,7.2354916659159,0.0303500576226691,7.36073990305828,7.10002716662926
240,2020-11-18,I,1412.93609333333,42.6289266903812,1594,1227,7.25296967631844,0.0301913621342455,7.37400185935016,7.11232744471091
241,2020-11-19,I,1478.91029333333,42.8489743900364,1698,1275,7.298640720605,0.0289952066892742,7.43720636687129,7.15070145759253
242,2020-11-20,I,1500.49383333333,43.4036433318746,1713,1312,7.31313088182723,0.0289455054843957,7.44600149832412,7.17930796950403
243,2020-11-21,I,1478.00078666667,42.8843314800064,1681,1289,7.29802449828465,0.0290284995332192,7.42714413340862,7.16162200293919
244,2020-11-22,I,1456.35996,42.8784215255796,1644,1271,7.28326167036288,0.0294624234886668,7.40488757561613,7.14755927118945
245,2020-11-23,I,1469.26663333333,42.9326890388215,1670,1286,7.29209146746296,0.0292381397608571,7.4205789054108,7.15929190479756
246,2020-11-24,I,1622.98832666667,44.5473286160895,1826,1442,7.3916473690605,0.0274677914933145,7.50988306115491,7.2737863178449
247,2020-11-25,I,1751.06164666667,45.6895924321305,1947,1562,7.46763693569128,0.0261059468934323,7.5740450053722,7.35372233039963
248,2020-11-26,I,1835.01948,46.6365776367158,2043,1625,7.51448730929755,0.0254235644925653,7.62217459481762,7.39326309476384
249,2020-11-27,I,1820.04297333333,46.5003295525628,2063,1623,7.50628890492678,0.0255577414010068,7.63191651307125,7.39203156751459
250,2020-11-28,I,1797.03990666667,46.2726852675237,2009,1609,7.49356438515138,0.025762911892561,7.60539236481494,7.38336814699238
251,2020-11-29,I,1800.87194666667,46.6131351399253,2000,1602,7.4956910306036,0.0258992203075553,7.60090245954208,7.3790081276283
252,2020-11-30,I,1809.83456666667,46.8309216157482,2020,1613,7.5006558184846,0.0258852383973584,7.61085279039525,7.38585107812521
253,2020-12-01,I,1835.14304,47.0314863961349,2038,1641,7.51454911783935,0.0256414445187283,7.61972421378267,7.40306109109009
254,2020-12-02,I,1861.89454,47.1856966476232,2097,1652,7.52902855351211,0.0253530235876868,7.64826303090192,7.40974195408092
255,2020-12-03,I,1873.21218,47.2056844263331,2111,1651,7.53509231509023,0.0252105341734581,7.65491704784832,7.40913644392013
256,2020-12-04,I,1890.17296666667,47.2997184377242,2090,1675,7.54411031294334,0.0250384739416155,7.64491934495886,7.42356844425917
257,2020-12-05,I,1890.91812666667,47.4174835499411,2101,1672,7.54450321729559,0.0250869420232996,7.650168700845,7.42177579364465
258,2020-12-06,I,1874.0029,47.2058968163367,2098,1674,7.535514651581,0.0251975700616928,7.64873978895624,7.42297125104942
259,2020-12-07,I,1871.02459333333,47.2284166435514,2090,1662,7.5339227015444,0.0252554001285229,7.64491934495886,7.41577697541539
260,2020-12-08,I,1922.55453333333,47.6919697252629,2141,1715,7.56110223041676,0.0248178804378866,7.66902828858968,7.44716835960004
261,2020-12-09,I,1944.47593333333,48.0953680572091,2147,1732,7.57244172202576,0.0247460951809694,7.67182679787878,7.45703208912238
262,2020-12-10,I,1955.05064,48.1837262299236,2179,1751,7.57786753304477,0.0246559602567709,7.68662133494462,7.46794233228585
263,2020-12-11,I,2002.64472666667,48.8000755174391,2209,1778,7.60192692591412,0.02437760892575,7.70029520342012,7.48324441607385
264,2020-12-12,I,2081.8223,49.2379833587517,2310,1881,7.64071906621268,0.0236616949987832,7.74500280351584,7.53955882930103
265,2020-12-13,I,2223.87696,50.6874105597139,2435,2005,7.70674752372919,0.0227979267874013,7.79770203551669,7.60339933974067
266,2020-12-14,I,2319.40939333333,51.5780649024093,2538,2111,7.74882051818907,0.0222449585255623,7.83913164827433,7.65491704784832
267,2020-12-15,I,2341.97382666667,51.6178388831345,2555,2109,7.75850639860808,0.02204733789044,7.84580750263781,7.65396918047877
268,2020-12-16,I,2364.17635333333,51.9763040536395,2598,2119,7.76794316882285,0.0219957707293454,7.86249719723055,7.6586995582683
269,2020-12-17,I,2329.31178666667,51.5975300872877,2554,2095,7.75308268107883,0.0221602500245416,7.84541603659249,7.64730883235624
270,2020-12-18,I,2306.66860666667,51.4100163235773,2533,2064,7.74331111048589,0.0222973027310077,7.83715965000168,7.63240112660145
271,2020-12-19,I,2274.4658,51.2596613402053,2522,2044,7.72924639168131,0.0225479084595337,7.83280751652487,7.6226639513236
272,2020-12-20,I,2260.16105333333,51.1343233710717,2522,2038,7.72293533497942,0.0226317253616991,7.83280751652487,7.61972421378267
273,2020-12-21,I,2292.14470666667,51.417461674186,2530,2062,7.73699151579576,0.0224400943890807,7.83597458172157,7.63143166457691
274,2020-12-22,I,2316.45225333333,51.5946446862937,2550,2096,7.7475439575371,0.0222806437983513,7.84384863815247,7.64778604544093
275,2020-12-23,I,2297.79808666667,51.476997551149,2530,2089,7.73945552989753,0.0224122012236559,7.83597458172157,7.64444076155657
276,2020-12-24,I,2285.10135333333,51.3958765960464,2512,2068,7.73391259599158,0.0225014784264388,7.82883452758809,7.63433723562832
277,2020-12-25,I,2353.53685333333,51.8997775115128,2593,2134,7.76343130217597,0.0220584557621915,7.86057078553866,7.6657534318617
278,2020-12-26,I,2479.04776666667,53.3809173315814,2744,2242,7.81539795178886,0.021535388499119,7.91717198884578,7.71512360363211
279,2020-12-27,I,2697.02466666667,55.0239419627204,2921,2460,7.89969629111207,0.0204075027812427,7.97968130238774,7.80791662892641
280,2020-12-28,I,2972.97750666667,57.4225521003135,3240,2719,7.99713265328224,0.0193214589757434,8.08332860878638,7.90801944463247
281,2020-12-29,I,3144.1698,58.6065524164882,3412,2891,8.05313139587264,0.0186441625087235,8.13505390861157,7.96935774201635
282,2020-12-30,I,3191.97596666667,59.3390680459807,3440,2939,8.06822257816389,0.018595466416215,8.14322675036745,7.98582466641892
283,2020-12-31,I,3188.78301333333,59.5371774156545,3451,2947,8.06722030207075,0.0186733895756038,8.146419323098,7.9885429827377
284,2021-01-01,I,3334.70688666667,60.3220858635882,3618,3078,8.11197640462394,0.018094213194796,8.19367666595524,8.03203531439882
285,2021-01-02,I,3363.50492,60.7767221984975,3613,3093,8.12057554488742,0.0180738144345351,8.19229373114764,8.03689677268507
286,2021-01-03,I,3447.0637,61.0850241181187,3712,3192,8.14512100975597,0.0177235022268797,8.21932609390609,8.0684029585697
287,2021-01-04,I,3506.26265333333,61.8075118494235,3777,3245,8.16215056891113,0.0176319767497705,8.23668532271246,8.08487062913819
288,2021-01-05,I,3592.32263333333,62.1394436446658,3879,3295,8.18640459056086,0.0173026655223428,8.26333266743997,8.10016144693661
289,2021-01-06,I,3657.60475333333,62.8699451588159,3950,3400,8.20441602369603,0.0171914331729169,8.28147085789517,8.13153071060425
290,2021-01-07,I,3611.32726,62.7386294754935,3909,3347,8.1916797037785,0.0173765895179962,8.27103686579295,8.11581970121133
291,2021-01-08,I,3410.27428,61.2397933745988,3730,3161,8.13438672939698,0.0179613413890233,8.22416351263786,8.05864371221562
292,2021-01-09,I,3286.1422,60.2799643081125,3571,3042,8.097301282766,0.0183481392299584,8.18060094759445,8.02027047281924
293,2021-01-10,I,3087.61625333333,58.8174275910444,3355,2820,8.03497312557973,0.0190556683990387,8.11820704940578,7.94449216393216
294,2021-01-11,I,2982.10339333333,57.8589342642412,3249,2736,8.00019588827662,0.0194076311168448,8.0861025356691,7.91425227874244
295,2021-01-12,I,2967.13863333333,57.3671421116553,3212,2722,7.99516636091349,0.0193412417472203,8.07464907506665,7.90912218321141
296,2021-01-13,I,2930.52214666667,57.0737848663577,3214,2682,7.9827461622403,0.0194829002035743,8.07527154629746,7.89431806384162
297,2021-01-14,I,2814.60003333333,56.2888679010029,3074,2576,7.94237539479503,0.0200055241487544,8.03073492409854,7.85399308722424
298,2021-01-15,I,2718.58158666667,55.3447443203717,2964,2488,7.90765830906594,0.020360256056228,7.99429498641598,7.81923445385907
299,2021-01-16,I,2574.54587333333,54.5514960510596,2808,2336,7.85320389723964,0.021194172187516,7.9402277651457,7.75619534394812
300,2021-01-17,I,2364.55907333333,52.5948324944317,2610,2135,7.7680993767038,0.0222507856864166,7.86710550031674,7.66622192566273
301,2021-01-18,I,2306.19696,51.7432782353162,2538,2081,7.74310330376279,0.0224451280051117,7.83913164827433,7.64060382639363
302,2021-01-19,I,2363.14248,52.4038425486881,2596,2121,7.76750155313172,0.0221865957177481,7.86172707782398,7.65964295456468
303,2021-01-20,I,2295.61965333333,51.5470490303268,2539,2048,7.7385059363283,0.0224592691211351,7.83952558170468,7.6246189861594
304,2021-01-21,I,2173.02369333333,50.5653510254217,2398,1944,7.68360405218994,0.0232773785633634,7.78239033558746,7.57250298502038
305,2021-01-22,I,2026.05062666667,49.0463503967136,2248,1777,7.61355054349749,0.0242171470893042,7.71779621101358,7.48268182815465
306,2021-01-23,I,1899.48209333333,47.826860466428,2131,1661,7.54901935417554,0.0251931185857947,7.66434663209862,7.4151751096133
307,2021-01-24,I,1774.52527333333,46.7983954339326,1980,1560,7.48094021355867,0.0263890363275271,7.59085212368858,7.35244110024358
308,2021-01-25,I,1728.5857,46.3983259131295,1938,1533,7.45469849846234,0.0268498888378446,7.56941179245071,7.33498187887181
309,2021-01-26,I,1743.23642,46.2020002065108,1945,1539,7.46314721698661,0.0265195908468078,7.57301725605255,7.33888813383888
310,2021-01-27,I,1752.50598666667,46.295187069379,1974,1550,7.46845292672697,0.0264298492801549,7.58781721999343,7.34601020991329
311,2021-01-28,I,1672.78220666667,45.1043777856421,1902,1476,7.42187979187037,0.0269773859399468,7.55066124310534,7.29709100516042
312,2021-01-29,I,1579.90242,44.2380017422682,1763,1374,7.36472610025754,0.0280168481705842,7.47477218239787,7.22548147278229
313,2021-01-30,I,1436.17674666667,42.9035396213479,1611,1256,7.26929316884252,0.0298992561154679,7.38461038317697,7.13568734702814
314,2021-01-31,I,1294.48395333333,41.5232678191753,1491,1118,7.1653524580906,0.0321035344651946,7.30720231476474,7.01929665371505
315,2021-02-01,I,1190.61310666667,39.9544877240244,1362,1022,7.08166003243448,0.0335883140377257,7.21670948670946,6.92951677076365
316,2021-02-02,I,1298.42274666667,41.2949335116636,1475,1102,7.16839934914292,0.0318289180286588,7.29641326877392,7.00488198971286
317,2021-02-03,I,1373.48024666667,41.9079263580821,1566,1187,7.22463724970632,0.0305344689204741,7.35627987655075,7.07918439460967
318,2021-02-04,I,1326.34372666667,41.3804624703871,1515,1152,7.18969416202125,0.0312273855407598,7.32317071794347,7.04925484125584
319,2021-02-05,I,1218.89691333333,39.9430958925138,1413,1054,7.10516396689751,0.0328046615901646,7.25347038268453,6.96034772910131
320,2021-02-06,I,1130.56684666667,39.0609579577793,1298,967,7.02987703148996,0.0345787385297628,7.16857989726404,6.87419849545329
321,2021-02-07,I,1025.99678666667,37.7866069993802,1194,848,6.93274101716125,0.0368634065094526,7.08506429395255,6.7428806357919
322,2021-02-08,I,968.65376,37.0731200103783,1135,819,6.87517399657362,0.0383126071990121,7.0343879299155,6.70808408385307
323,2021-02-09,I,966.898506666667,36.7705266880171,1184,801,6.87336972158888,0.0380639829022915,7.07665381544395,6.68586094706836
324,2021-02-10,I,976.885433333333,36.8320623707707,1137,819,6.88365812342471,0.0377294059437102,7.03614849375054,6.70808408385307
325,2021-02-11,I,1008.31508,37.0725734260734,1182,861,6.91535937382125,0.0368020811948278,7.07496319796604,6.75809450442773
326,2021-02-12,I,995.695733333333,37.1472252158601,1149,841,6.90274499398688,0.0373463393970119,7.04664727784876,6.73459165997295
327,2021-02-13,I,934.203873333333,36.3707946191533,1096,786,6.83893598563162,0.0389724911836926,6.99942246750796,6.66695679242921
328,2021-02-14,I,931.54226,36.277796165364,1113,764,6.83608242292567,0.0389832350223941,7.01481435127555,6.63856778916652
329,2021-02-15,I,960.088366666667,36.5685215229893,1120,806,6.86629905394952,0.0381311982378599,7.02108396428914,6.69208374250663
330,2021-02-16,I,1023.58024666667,37.220315368783,1185,841,6.93040005369961,0.0363948795854223,7.07749805356923,6.73459165997295
331,2021-02-17,I,1107.73634,38.1521820345533,1279,916,7.00948015737981,0.0344734574067966,7.15383380157884,6.82001636467413
332,2021-02-18,I,1144.52500666667,38.6216229444726,1318,979,7.04217516070148,0.0337708194558293,7.18387071506245,6.88653164253051
333,2021-02-19,I,1128.21916666667,38.6442027795668,1292,939,7.02780828328375,0.0342932077362394,7.16394668434255,6.84481547920826
334,2021-02-20,I,1087.04625333333,38.1430626272196,1259,930,6.9906032032198,0.0351210669168122,7.13807303404435,6.8351845861473
335,2021-02-21,I,1073.98394,37.8581664948027,1247,929,6.97850840568848,0.0352825610436719,7.12849594568004,6.83410873881384
336,2021-02-22,I,1085.15895333333,38.1688190311079,1263,926,6.98886244687041,0.0352099358133521,7.14124512235049,6.83087423464618
337,2021-02-23,I,1121.01090666667,38.5454720133771,1297,948,7.02139436833134,0.0344175936010468,7.16780918431644,6.85435450225502
338,2021-02-24,I,1139.10779333333,38.6874688419768,1302,967,7.03742320769004,0.0339965737989078,7.17165682276851,6.87419849545329
339,2021-02-25,I,1119.33422,38.5264724432278,1295,963,7.01989633733463,0.0344534004977252,7.16626597413364,6.87005341179813
340,2021-02-26,I,1059.45919333333,37.7591009755352,1215,907,6.96487819707514,0.0356693636441882,7.10249935577465,6.81014245011514
341,2021-02-27,I,1013.26687333333,37.2601116575098,1189,846,6.92025781427307,0.036819738060425,7.08086789669078,6.74051935960622
342,2021-02-28,I,1004.80158666667,37.3582157370733,1178,847,6.91185359033564,0.0372114227647864,7.07157336421153,6.74170069465206
343,2021-03-01,I,1029.42541333333,37.4792431636536,1213,875,6.93609256141734,0.0364448532164553,7.10085190894405,6.77422388635761
344,2021-03-02,I,1090.16472666667,38.3324437124337,1258,928,6.99346499674564,0.0352064775315481,7.13727843726039,6.8330317327862
345,2021-03-03,I,1178.56486,39.2680990933409,1360,1019,7.07149709239232,0.0333504082967715,7.2152399787301,6.92657703322273
346,2021-03-04,I,1263.95236666667,40.1647123616368,1452,1093,7.14149350458525,0.0318045125854195,7.28069719538474,6.99668148817654
347,2021-03-05,I,1307.00208,40.7804522123303,1469,1128,7.17500419831302,0.0312218123445435,7.29233717617388,7.02820143205801
348,2021-03-06,I,1397.30716666667,41.7914130588281,1574,1199,7.24185457015294,0.0299311399315827,7.36137542897735,7.08924315502751
349,2021-03-07,I,1401.16833333333,41.8520799307854,1615,1215,7.2446153054218,0.0298877885157563,7.38709023565676,7.10249935577465
350,2021-03-08,I,1330.97448666667,41.0432792639872,1523,1144,7.19319081801843,0.0308589119248115,7.32843735289516,7.04228617193974
351,2021-03-09,I,1345.21013333333,41.2527413542424,1511,1175,7.20383495512166,0.0306869516016123,7.32052696227274,7.06902342657826
352,2021-03-10,I,1377.90769333333,41.6403755861041,1568,1182,7.2278643484535,0.0302479928520582,7.35755620091035,7.07496319796604
353,2021-03-11,I,1461.76752666667,42.7879549430664,1651,1280,7.28697282319723,0.0292945221337015,7.40913644392013,7.15461535691366
354,2021-03-12,I,1500.13616666667,43.0096655514521,1677,1314,7.31290001815144,0.0286811072806941,7.42476176182321,7.18083119904456
355,2021-03-13,I,1489.63316666667,42.9753289593562,1701,1295,7.30586886915622,0.0288606716129497,7.43897159239586,7.16626597413364
356,2021-03-14,I,1438.23209333333,42.5237257829828,1627,1255,7.27073250910735,0.0295864193104053,7.39449310721904,7.13489085156588
357,2021-03-15,I,1512.70155333333,43.3647722574862,1707,1330,7.32124122047313,0.0286868193226929,7.44249272279444,7.1929342212158
358,2021-03-16,I,1669.95966,44.7908985641246,1879,1440,7.42019477716182,0.0268394915502508,7.53849499941347,7.27239839257005
359,2021-03-17,I,1764.68498,45.8816575177515,2006,1557,7.47538922784506,0.0260164674237044,7.60389796852188,7.350516171834
360,2021-03-18,I,1834.59733333333,46.6301660091201,2049,1641,7.51425707115116,0.0254319088448498,7.6251071482389,7.40306109109009
361,2021-03-19,I,1861.32164666667,46.7926749301427,2070,1672,7.52872591698019,0.0251513082807029,7.63530388625942,7.42177579364465
362,2021-03-20,I,1871.74143333333,47.1059470740927,2083,1680,7.53430768473281,0.0251781574990496,7.64156444126097,7.42654907239731
363,2021-03-21,I,1911.59918666667,47.560550480886,2130,1712,7.55538574721106,0.0248933477738594,7.66387725870347,7.44541755670169
364,2021-03-22,I,2012.38871333333,48.6387928868749,2226,1808,7.60678550807242,0.0241787335744667,7.70796153183549,7.49997654095212
365,2021-03-23,I,2205.19580666667,50.6039325692108,2441,1977,7.69830817980444,0.022956356280683,7.80016307039296,7.58933582317062
366,2021-03-24,I,2408.57243333333,52.2850021027878,2630,2188,7.78655378002324,0.021716414147957,7.87473912517181,7.69074316354187
367,2021-03-25,I,2451.06928666667,52.8124885522746,2676,2192,7.80404742711331,0.0215546442844653,7.89207842124812,7.69256964806791
368,2021-03-26,I,2507.60593333333,53.0622893290444,2740,2267,7.82685979315444,0.0211680808609514,7.91571319938212,7.72621265050753
369,2021-03-27,I,2520.40164666667,53.2136074503061,2774,2265,7.83195056588355,0.0211217541011755,7.92804560087478,7.72533003791714
370,2021-03-28,I,2562.39334666667,53.7992303611096,2809,2333,7.84847654587268,0.0210002651361898,7.94058382710424,7.75491027202143
371,2021-03-29,I,2710.54082,55.3028516723772,2941,2408,7.90469525575618,0.0204087636362036,7.986504938554,7.78655180642871
372,2021-03-30,I,2866.49170666667,56.4452577134231,3123,2598,7.96065021417652,0.0196977361171793,8.04654935728308,7.86249719723055
373,2021-03-31,I,3056.67188,58.149675606697,3330,2812,8.02490098982069,0.01902787232374,8.11072758297449,7.94165125293056
374,2021-04-01,I,3213.60125333333,59.2449228274882,3473,2916,8.07497750018746,0.0184394676197099,8.15277405274408,7.97796809312855
375,2021-04-02,I,3270.0351,59.8824521935311,3526,2992,8.09238827990877,0.018316974464841,8.16791936295782,8.00369733909437
376,2021-04-03,I,3347.09691333333,60.6060157223145,3627,3078,8.11568467642499,0.0181117862196199,8.1961611392829,8.03203531439882
377,2021-04-04,I,3458.79612666667,61.31020128768,3720,3189,8.14851871806551,0.0177305453652766,8.22147894726719,8.06746266701006
378,2021-04-05,I,3636.62744,62.8433531432983,3906,3363,8.19866265879903,0.0172843651156664,8.27026911143662,8.12058871174027
379,2021-04-06,I,3836.65162666667,64.2633448232392,4170,3573,8.25221498476461,0.0167531642946101,8.33567131479285,8.18116085802341
380,2021-04-07,I,4058.74826,65.703885833664,4358,3791,8.30849885000858,0.0161902648616799,8.37976851550457,8.24038511551633
381,2021-04-08,I,4260.57121333333,67.0245121123308,4561,3918,8.35703474909209,0.0157348900354099,8.4252971767117,8.27333659850449
382,2021-04-09,I,4294.69188666667,67.3883289654301,4565,4005,8.36501197364975,0.0156931189854416,8.42617379302907,8.29529885950246
383,2021-04-10,I,4371.61728,68.1644042589311,4673,4042,8.38276671051182,0.0155962366136488,8.44955654270043,8.30449489796357
384,2021-04-11,I,4326.2916,67.7144543241852,4633,4005,8.37234348561218,0.0156557359212181,8.44095988541665,8.29529885950246
385,2021-04-12,I,4304.97862666667,67.5722158623128,4609,4022,8.36740422924825,0.0157002928060627,8.43576619272051,8.2995345703326
386,2021-04-13,I,4432.70156666667,68.3809071588601,4748,4102,8.39664548851194,0.0154304329744097,8.46547875572956,8.31922993863233
387,2021-04-14,I,4470.61638,68.5979996812298,4791,4181,8.40516382383004,0.0153471399853347,8.47449443688312,8.33830573135657
388,2021-04-15,I,4352.89766666667,68.1316219828085,4681,4064,8.37847450611694,0.0156558070344764,8.45126704130007,8.30992298925832
389,2021-04-16,I,4184.65493333333,67.1175582648813,4515,3910,8.33905087525286,0.0160420654450631,8.41516046585109,8.27129265297941
390,2021-04-17,I,4087.9389,66.2702003798569,4353,3820,8.3156647461462,0.0162153456470281,8.3786205415523,8.24800570160062
391,2021-04-18,I,3993.41880666667,65.7529716742738,4302,3686,8.29226740072692,0.0164689290869853,8.36683530982768,8.21229713822977
392,2021-04-19,I,3899.18246,65.0286203643558,4251,3608,8.26838310419819,0.0166791301519708,8.35490952835879,8.19090888118251
393,2021-04-20,I,3942.77431333333,65.0364165968963,4248,3666,8.27950381991064,0.0164985629215945,8.35420356292178,8.20685642839965
394,2021-04-21,I,3901.45776666667,65.1712117292429,4172,3607,8.26896599456106,0.0167082960760914,8.33615081612066,8.19063168090354
395,2021-04-22,I,3887.73077333333,65.0891490264245,4211,3600,8.26544074585615,0.0167447647048541,8.34545542816193,8.1886891244442
396,2021-04-23,I,3725.59074666667,63.8221815164199,4004,3457,8.22283394433986,0.0171342808453808,8.29504914043511,8.14815643992163
397,2021-04-24,I,3590.45323333333,62.8653675715691,3890,3312,8.18588038263122,0.0175146383092719,8.26616443661249,8.10530751550515
398,2021-04-25,I,3491.96806666667,62.1490833157331,3778,3220,8.15806234036492,0.0178029354636441,8.23695004806146,8.07713663853845
399,2021-04-26,I,3484.49490666667,61.8231483189677,3774,3212,8.15592096111986,0.0177450572818129,8.2358907259285,8.07464907506665
400,2021-04-27,I,3532.14438666667,62.0453740688762,3806,3251,8.16950611786614,0.0175702453872366,8.24433404785609,8.08671792030391
401,2021-04-28,I,3528.98955333333,61.9752614926908,3797,3265,8.16861260600968,0.0175667608271637,8.2419665602318,8.09101504171053
402,2021-04-29,I,3415.22264,61.3121301696962,3695,3148,8.13583678687188,0.0179558978738171,8.2147358333823,8.05452260953729
403,2021-04-30,I,3277.55418666667,60.1174001252312,3550,3020,8.09468450518728,0.0183451407917916,8.17470288246946,8.01301211036892
404,2021-05-01,I,3192.79968666667,59.6019220369267,3477,2945,8.06847916493939,0.0186726129711216,8.15392513200786,7.98786409608569
405,2021-05-02,I,3041.53185333333,58.4829090735306,3290,2776,8.019931611821,0.0192364869691421,8.09864284375942,7.9287663216267
406,2021-05-03,I,2936.9851,57.4669617635614,3199,2672,7.98494737132307,0.0195722598132884,8.07059353994952,7.89058253465654
407,2021-05-04,I,2945.50481333333,57.2129770739424,3193,2691,7.98784678399279,0.0194301253144484,8.06871619271478,7.89766815072691
408,2021-05-05,I,2916.36738,57.0307380451058,3172,2670,7.9779028039093,0.0195611851173942,8.06211758275474,7.8898337513943
409,2021-05-06,I,2770.97815333333,56.1937593894001,3014,2499,7.92674994026024,0.0202874690543984,8.01102337918644,7.82364593083495
410,2021-05-07,I,2640.15668,54.7156863256459,2926,2405,7.87837873118991,0.0207300568007726,7.98139158158007,7.78530518253986
411,2021-05-08,I,2525.30274666667,54.1549927788514,2775,2276,7.83388620626889,0.0214522609808807,7.92840602618054,7.73017479524622
412,2021-05-09,I,2349.69303333333,52.2938852620629,2579,2119,7.76179222216987,0.0222635742114718,7.85515700588134,7.6586995582683
413,2021-05-10,I,2259.93297333333,51.6746130048094,2486,2039,7.72282891403823,0.0228739325608615,7.81843027207066,7.62021477057446
414,2021-05-11,I,2289.59554666667,51.7954379839621,2527,2082,7.73587451145704,0.0226284765615989,7.83478810738819,7.64108424917491
415,2021-05-12,I,2266.44962666667,51.3466044221608,2518,2061,7.72571309020471,0.0226651348205043,7.83122021460429,7.63094658089046
416,2021-05-13,I,2145.42528666667,50.227114553178,2384,1894,7.67081891508972,0.0234207840885777,7.77653502818524,7.54644627374602
417,2021-05-14,I,2038.42341333333,49.2876078705837,2258,1835,7.61963947236343,0.024191095740097,7.72223474470961,7.51479976048867
418,2021-05-15,I,1890.85518,48.128718207785,2117,1681,7.5444604311202,0.0254622593292921,7.65775527113487,7.42714413340862
419,2021-05-16,I,1783.38531333333,46.842416053346,1996,1594,7.48592363314155,0.0262748730619859,7.59890045687141,7.37400185935016
420,2021-05-17,I,1699.65259333333,45.7660515974211,1900,1507,7.43781651054243,0.0269358640423289,7.54960916515453,7.3178761986265
421,2021-05-18,I,1713.10557333333,45.8608704205905,1900,1527,7.44570457716835,0.0267852714791302,7.54960916515453,7.33106030521863
422,2021-05-19,I,1695.04559333333,45.7533241454552,1898,1499,7.43510035216823,0.0270101096673039,7.54855597916987,7.3125534981026
423,2021-05-20,I,1506.20724666667,43.4760066002712,1700,1314,7.31693314323016,0.0288827346484487,7.43838353004431,7.18083119904456
424,2021-05-21,I,1345.60927333333,41.9792603681941,1548,1171,7.20411517169727,0.0312192354854801,7.34471905414967,7.06561336359772
425,2021-05-22,I,1192.55261333333,40.1795892773904,1355,1014,7.08328317637816,0.0337231349629661,7.2115567333138,6.92165818415113
426,2021-05-23,I,1053.65073333333,38.2782546749556,1221,889,6.95935558177069,0.0363690581531658,7.10742547411071,6.79009723551391
427,2021-05-24,I,970.716353333333,37.1518816883332,1135,797,6.87730104730603,0.0383136666347755,7.0343879299155,6.68085467879022
428,2021-05-25,I,962.66606,36.95126276663,1135,806,6.86896878263604,0.0384353667693502,7.0343879299155,6.69208374250663
429,2021-05-26,I,956.92356,36.8308159062454,1116,814,6.86298186178318,0.0385335286823617,7.01750614294126,6.70196036600254
430,2021-05-27,I,918.066486666667,36.0705280445099,1079,763,6.82149684865788,0.0393405132638107,6.98378996525814,6.63725803128446
431,2021-05-28,I,836.31588,35.0655189195366,986,671,6.72812622892825,0.0419794399813097,6.89365635460264,6.50876913697168
432,2021-05-29,I,771.50758,34.1723376558878,929,607,6.64736345439762,0.0443757244260993,6.83410873881384,6.4085287910595
433,2021-05-30,I,712.0776,33.2495923054091,869,565,6.56709462710951,0.0467748635073329,6.76734312526539,6.33682573114644
434,2021-05-31,I,682.677573333333,32.6364411145968,835,536,6.52487725264165,0.0479050037433844,6.72743172485086,6.2841341610708
435,2021-06-01,I,695.85544,32.6408403471703,846,539,6.5440394256501,0.0469960568884687,6.74051935960622,6.289715570909
436,2021-06-02,I,692.34994,32.531488191923,835,560,6.53898567743842,0.0470627388994133,6.72743172485086,6.3279367837292
437,2021-06-03,I,626.2734,31.4250300873381,765,493,6.43852476603792,0.0502939040824739,6.63987583382654,6.20050917404269
438,2021-06-04,I,528.128626666667,30.0254653925259,678,405,6.2677186226107,0.057011431589312,6.5191472879404,6.00388706710654
439,2021-06-05,I,454.555866666667,28.7095487106666,578,305,6.11731932336549,0.0633565554139651,6.35957386867238,5.72031177660741
440,2021-06-06,I,413.877646666667,28.0611464338401,540,288,6.02326286242609,0.0680418543840659,6.29156913955832,5.66296048013595
441,2021-06-07,I,417.126813333333,27.8807382843832,554,294,6.03114713941189,0.0670883643169429,6.31716468674728,5.68357976733868
442,2021-06-08,I,453.20756,28.2782103964806,604,331,6.11439688361962,0.0625883280704178,6.40357419793482,5.80211837537706
443,2021-06-09,I,494.946853333333,28.9821004848305,630,367,6.20273070685117,0.058717215946851,6.44571981938558,5.90536184805457
444,2021-06-10,I,472.585693333333,28.4626239852498,609,362,6.15639988672642,0.0603933567785288,6.4118182677099,5.89164421182577
445,2021-06-11,I,423.242006666667,27.7647571329473,546,312,6.0457843230907,0.0658215655494642,6.30261897574491,5.74300318780948
446,2021-06-12,I,372.6942,27.0003202414704,497,249,5.9181202851479,0.072780010649767,6.20859002609663,5.51745289646471
447,2021-06-13,I,316.181093333333,25.8078162351476,443,214,5.75296414510181,0.0820569126811478,6.09356977004514,5.36597601502185
448,2021-06-14,I,290.43578,25.0433036340119,408,195,5.66763872321649,0.0867661564604357,6.01126717440416,5.27299955856375
449,2021-06-15,I,305.420266666667,25.2758793133438,417,200,5.7182423373999,0.0832282359254018,6.0330862217988,5.29831736654804
450,2021-06-16,I,308.605806666667,25.3838530149105,436,196,5.72865788252291,0.0827653534609933,6.07764224334903,5.27811465923052
451,2021-06-17,I,306.02584,26.1336193194665,428,205,5.71999879928395,0.0859067095797804,6.0591231955818,5.32300997913841
452,2021-06-18,I,302.963593333333,28.6700564067958,442,183,5.70908916102509,0.095469656623348,6.0913098820777,5.20948615284142
453,2021-06-19,I,296.573273333333,35.0622421809768,452,162,5.68521609960568,0.119581060466834,6.11368217983223,5.08759633523238
454,2021-06-20,I,297.349993333333,44.0844346028064,514,131,5.68365011449394,0.151440437170895,6.24222326545517,4.87519732320115
