"","GeoUID","Type","Region Name","Area (sq km)","Population","Dwellings","Households","CD_UID","PR_UID","CMA_UID","rguid","v_CA16_492: Couples without children","v_CA16_493: Couples with children","v_CA16_494: 1 child","v_CA16_495: 2 children","v_CA16_496: 3 or more children","v_CA16_497: Total - Lone-parent census families in private households - 100% data","v_CA16_498: 1 child","v_CA16_499: 2 children","v_CA16_500: 3 or more children","v_CA16_501: Total - Persons not in census families in private households - 100% data"
"1","3518001","CSD","Pickering (CY)",233.47884,91771,31630,30919,"3518","35","35535","",8060,13730,5105,6180,2440,4865,2815,1505,545,9460
"2","3518005","CSD","Ajax (T)",67.65659,119677,38105,37549,"3518","35","35535","",8575,18840,6455,8525,3860,6440,3540,2035,870,11165
"3","3518029","CSD","Uxbridge (TP)",423.88393,21176,7946,7663,"3518","35","35535","",2480,3065,1095,1370,595,755,450,225,75,2175
"4","3519028","CSD","Vaughan (CY)",275.04996,306233,96657,94253,"3519","35","35535","",23350,52035,17080,24810,10150,11165,6130,3750,1285,24455
"5","3519036","CSD","Markham (CY)",213.23371,328966,106131,102676,"3519","35","35535","",27935,54405,21310,25215,7875,13140,7845,4120,1180,32640
"6","3519038","CSD","Richmond Hill (T)",102.41745,195022,66465,64116,"3519","35","35535","",15970,32785,13040,15350,4400,7790,4610,2475,705,18755
"7","3519044","CSD","Whitchurch-Stouffville (T)",209.16236,45837,15712,15355,"3519","35","35535","",4625,7350,2615,3450,1290,1440,830,455,160,4030
"8","3519046","CSD","Aurora (T)",50.19574,55445,19381,18851,"3519","35","35535","",4730,8905,3205,4295,1405,2330,1270,815,245,5125
"9","3519048","CSD","Newmarket (T)",38.57759,84224,29315,28673,"3519","35","35535","",7135,12675,4530,6085,2065,4135,2300,1395,440,9135
"10","3519049","CSD","King (TP)",336.17967,24512,8736,8144,"3519","35","35535","",2430,3960,1245,1845,870,700,410,215,75,2055
"11","3519054","CSD","East Gwillimbury (T)",247.26108,23991,8279,8077,"3519","35","35535","",2605,3665,1350,1680,635,815,500,240,80,2070
"12","3519070","CSD","Georgina (T)",609.70293,45418,18687,16821,"3519","35","35535","",5050,5945,2405,2610,920,2395,1415,745,240,6030
"13","3519076","CSD","Chippewas of Georgina Island First Nation (IRI)",15.77302,261,565,118,"3519","35","35535","",25,25,15,5,5,25,10,10,0,50
"14","3520005","CSD","Toronto (C)",634.43388,2731571,1179057,1112929,"3520","35","35535","",250085,316075,133440,130765,51865,152595,94025,41160,17415,602855
"15","3521005","CSD","Mississauga (CY)",292.93224,721599,248469,240913,"3521","35","35535","",57205,110190,40450,48640,21100,34810,20485,10330,3995,83770
"16","3521010","CSD","Brampton (CY)",267.90857,593638,173428,168011,"3521","35","35535","",41360,94600,31035,44440,19120,28565,15100,8920,4545,59485
"17","3521024","CSD","Caledon (T)",695.55018,66502,22021,21256,"3521","35","35535","",6210,10965,3530,5385,2045,2290,1240,755,290,5040
"18","3522012","CSD","Mono (T)",280.58695,8609,3127,2919,"3522","35","35535","",1165,1260,445,520,300,230,130,65,30,645
"19","3522014","CSD","Orangeville (T)",15.89666,28900,10696,10565,"3522","35","35535","",2660,3975,1445,1870,670,1580,880,520,175,3645
"20","3524001","CSD","Oakville (T)",139.64673,193832,68617,66269,"3524","35","35535","",16595,31150,10135,15300,5715,7130,3995,2395,730,18765
"21","3524009","CSD","Milton (T)",365.03646,110128,35537,34257,"3524","35","35535","",8505,18735,5780,8915,4040,3600,1980,1200,420,8210
"22","3524015","CSD","Halton Hills (T)",277.76811,61161,21475,21078,"3524","35","35535","",5650,9505,3220,4565,1720,2380,1360,780,235,5920
"23","3543007","CSD","New Tecumseth (T)",274.78374,34242,13191,12906,"3543","35","35535","",4235,4435,1695,1965,780,1570,950,460,160,4240
"24","3543014","CSD","Bradford West Gwillimbury (T)",202.81546,35325,11918,11591,"3543","35","35535","",3205,5540,1985,2520,1035,1400,800,445,145,3495
"25","3518001","CSD","Pickering (CY)",233.47884,91771,31630,30919,"3518","35","35535","",8060,13730,5105,6180,2440,4865,2815,1505,545,9460
"26","3518005","CSD","Ajax (T)",67.65659,119677,38105,37549,"3518","35","35535","",8575,18840,6455,8525,3860,6440,3540,2035,870,11165
"27","3518029","CSD","Uxbridge (TP)",423.88393,21176,7946,7663,"3518","35","35535","",2480,3065,1095,1370,595,755,450,225,75,2175
"28","3519028","CSD","Vaughan (CY)",275.04996,306233,96657,94253,"3519","35","35535","",23350,52035,17080,24810,10150,11165,6130,3750,1285,24455
"29","3519036","CSD","Markham (CY)",213.23371,328966,106131,102676,"3519","35","35535","",27935,54405,21310,25215,7875,13140,7845,4120,1180,32640
"30","3519038","CSD","Richmond Hill (T)",102.41745,195022,66465,64116,"3519","35","35535","",15970,32785,13040,15350,4400,7790,4610,2475,705,18755
"31","3519044","CSD","Whitchurch-Stouffville (T)",209.16236,45837,15712,15355,"3519","35","35535","",4625,7350,2615,3450,1290,1440,830,455,160,4030
"32","3519046","CSD","Aurora (T)",50.19574,55445,19381,18851,"3519","35","35535","",4730,8905,3205,4295,1405,2330,1270,815,245,5125
"33","3519048","CSD","Newmarket (T)",38.57759,84224,29315,28673,"3519","35","35535","",7135,12675,4530,6085,2065,4135,2300,1395,440,9135
"34","3519049","CSD","King (TP)",336.17967,24512,8736,8144,"3519","35","35535","",2430,3960,1245,1845,870,700,410,215,75,2055
"35","3519054","CSD","East Gwillimbury (T)",247.26108,23991,8279,8077,"3519","35","35535","",2605,3665,1350,1680,635,815,500,240,80,2070
"36","3519070","CSD","Georgina (T)",609.70293,45418,18687,16821,"3519","35","35535","",5050,5945,2405,2610,920,2395,1415,745,240,6030
"37","3519076","CSD","Chippewas of Georgina Island First Nation (IRI)",15.77302,261,565,118,"3519","35","35535","",25,25,15,5,5,25,10,10,0,50
"38","3520005","CSD","Toronto (C)",634.43388,2731571,1179057,1112929,"3520","35","35535","",250085,316075,133440,130765,51865,152595,94025,41160,17415,602855
"39","3521005","CSD","Mississauga (CY)",292.93224,721599,248469,240913,"3521","35","35535","",57205,110190,40450,48640,21100,34810,20485,10330,3995,83770
"40","3521010","CSD","Brampton (CY)",267.90857,593638,173428,168011,"3521","35","35535","",41360,94600,31035,44440,19120,28565,15100,8920,4545,59485
"41","3521024","CSD","Caledon (T)",695.55018,66502,22021,21256,"3521","35","35535","",6210,10965,3530,5385,2045,2290,1240,755,290,5040
"42","3522012","CSD","Mono (T)",280.58695,8609,3127,2919,"3522","35","35535","",1165,1260,445,520,300,230,130,65,30,645
"43","3522014","CSD","Orangeville (T)",15.89666,28900,10696,10565,"3522","35","35535","",2660,3975,1445,1870,670,1580,880,520,175,3645
"44","3524001","CSD","Oakville (T)",139.64673,193832,68617,66269,"3524","35","35535","",16595,31150,10135,15300,5715,7130,3995,2395,730,18765
"45","3524009","CSD","Milton (T)",365.03646,110128,35537,34257,"3524","35","35535","",8505,18735,5780,8915,4040,3600,1980,1200,420,8210
"46","3524015","CSD","Halton Hills (T)",277.76811,61161,21475,21078,"3524","35","35535","",5650,9505,3220,4565,1720,2380,1360,780,235,5920
"47","3543007","CSD","New Tecumseth (T)",274.78374,34242,13191,12906,"3543","35","35535","",4235,4435,1695,1965,780,1570,950,460,160,4240
"48","3543014","CSD","Bradford West Gwillimbury (T)",202.81546,35325,11918,11591,"3543","35","35535","",3205,5540,1985,2520,1035,1400,800,445,145,3495
"49","2452007","CSD","Lavaltrie (V)",68.6896,13657,5507,5351,"2452","24","24462","",1695,1770,710,755,305,640,365,205,65,1800
"50","2455057","CSD","Richelieu (V)",31.21171,5236,2247,2160,"2455","24","24462","",645,550,225,230,95,245,160,60,30,870
"51","2455065","CSD","Saint-Mathias-sur-Richelieu (Mï¿½)",50.08094,4531,1959,1910,"2455","24","24462","",630,555,215,255,90,200,125,65,10,650
"52","2456083","CSD","Saint-Jean-sur-Richelieu (V)",227.94095,95114,42036,40843,"2456","24","24462","",11540,10570,4155,4615,1805,4750,3015,1360,375,17285
"53","2457005","CSD","Chambly (V)",27.38357,29120,11546,11246,"2457","24","24462","",2915,4015,1450,1890,680,1455,790,535,125,3630
"54","2457010","CSD","Carignan (V)",63.67779,9462,3572,3413,"2457","24","24462","",1140,1425,475,695,260,295,160,105,20,875
"55","2457020","CSD","Saint-Basile-le-Grand (V)",36.84122,17059,6447,6391,"2457","24","24462","",1765,2525,880,1220,430,735,415,265,60,1700
"56","2457025","CSD","McMasterville (Mï¿½)",3.37403,5698,2332,2285,"2457","24","24462","",665,655,235,325,100,315,185,105,25,810
"57","2457030","CSD","Otterburn Park (V)",5.71272,8421,3301,3255,"2457","24","24462","",980,1200,400,600,200,365,220,115,30,910
"58","2457035","CSD","Mont-Saint-Hilaire (V)",45.64787,18585,7702,7499,"2457","24","24462","",2485,2275,825,1020,430,725,420,230,70,2440
"59","2457040","CSD","Beloeil (V)",25.49377,22458,9273,9098,"2457","24","24462","",2855,2825,1095,1240,490,955,565,315,70,3075
"60","2457045","CSD","Saint-Mathieu-de-Beloeil (Mï¿½)",39.4204,2619,997,972,"2457","24","24462","",365,385,150,175,60,70,45,15,10,240
"61","2458007","CSD","Brossard (V)",45.40087,85721,34249,33257,"2458","24","24462","",9430,11395,4485,4870,2040,3755,2305,1085,365,11990
"62","2458012","CSD","Saint-Lambert (V)",7.59281,21861,10446,9814,"2458","24","24462","",2425,2370,795,1135,440,925,575,290,60,4405
"63","2458033","CSD","Boucherville (V)",70.56373,41671,17134,16888,"2458","24","24462","",5615,5230,1900,2485,840,1740,1030,595,120,5095
"64","2458037","CSD","Saint-Bruno-de-Montarville (V)",43.90037,26394,10418,10243,"2458","24","24462","",3300,3565,1225,1675,670,1095,640,355,100,2755
"65","2458227","CSD","Longueuil (V)",115.75131,239700,110761,105533,"2458","24","24462","",26540,26030,10915,10585,4530,13250,8450,3685,1115,49985
"66","2459010","CSD","Sainte-Julie (V)",48.84137,29881,11196,11076,"2459","24","24462","",3200,4255,1405,2115,735,1310,695,500,110,2905
"67","2459015","CSD","Saint-Amable (Mï¿½)",36.88987,12167,4672,4556,"2459","24","24462","",1310,1755,665,800,285,550,320,170,60,1415
"68","2459020","CSD","Varennes (V)",94.58601,21257,8315,8161,"2459","24","24462","",2395,2940,1045,1410,480,980,555,355,70,2300
"69","2459025","CSD","Verchères (Mï¿½)",72.5656,5835,2440,2391,"2459","24","24462","",775,755,275,340,135,225,145,70,20,745
"70","2460005","CSD","Charlemagne (V)",2.31584,5913,2962,2878,"2460","24","24462","",895,535,265,205,70,315,220,70,25,1385
"71","2460013","CSD","Repentigny (V)",62.26772,84285,33876,33321,"2460","24","24462","",10275,10670,4175,4615,1875,4110,2385,1285,440,11120
"72","2460020","CSD","Saint-Sulpice (PE)",36.39451,3439,1494,1435,"2460","24","24462","",455,430,205,180,45,170,110,50,5,495
"73","2460028","CSD","L'Assomption (V)",100.82241,22429,8932,8736,"2460","24","24462","",2475,2955,1165,1285,500,1110,635,360,115,2935
"74","2460035","CSD","L'Épiphanie (V)",2.38176,5493,2240,2166,"2460","24","24462","",585,660,280,250,125,310,160,105,45,795
"75","2460040","CSD","L'Épiphanie (PE)",55.09067,3200,1324,1232,"2460","24","24462","",385,430,200,160,65,160,90,55,15,420
"76","2463048","CSD","Saint-Lin--Laurentides (V)",119.0693,20786,8376,8083,"2463","24","24462","",2255,2675,1170,1020,485,1090,655,305,130,3080
"77","2464008","CSD","Terrebonne (V)",154.39102,111575,42622,41801,"2464","24","24462","",11460,15640,5695,7070,2875,5500,3145,1780,570,13250
"78","2464015","CSD","Mascouche (V)",107.63997,46692,18322,17900,"2464","24","24462","",5150,6205,2320,2795,1095,2280,1315,775,190,5810
"79","2465005","CSD","Laval (V)",247.08643,422993,165686,160328,"2465","24","24462","",40140,56775,19935,25705,11135,20145,12165,6045,1935,58360
"80","2466007","CSD","Montréal-Est (V)",12.2748,3850,1856,1734,"2466","24","24462","",355,340,145,140,55,305,205,70,30,970
"81","2466023","CSD","Montréal (V)",366.11227,1704694,843872,779802,"2466","24","24462","",155320,174460,70975,70935,32550,89975,57705,23720,8555,456810
"82","2466032","CSD","Westmount (V)",4.04567,20312,9617,8685,"2466","24","24462","",2160,2405,810,1090,505,785,410,290,85,4000
"83","2466047","CSD","Montréal-Ouest (V)",1.36843,5050,1956,1850,"2466","24","24462","",465,805,285,375,145,205,120,60,25,465
"84","2466058","CSD","Côte-Saint-Luc (V)",6.96425,32448,14376,13490,"2466","24","24462","",3315,3935,1450,1535,950,1360,840,390,130,5640
"85","2466062","CSD","Hampstead (V)",1.79526,6973,2623,2473,"2466","24","24462","",615,1050,300,415,335,235,110,95,30,750
"86","2466072","CSD","Mont-Royal (V)",7.53536,20276,7914,7373,"2466","24","24462","",1650,3095,935,1495,665,805,445,270,90,2215
"87","2466087","CSD","Dorval (V)",20.91447,18980,8818,8392,"2466","24","24462","",2020,2200,870,990,345,900,570,265,65,3960
"88","2466092","CSD","L'Île-Dorval (V)",0.19174,5,60,4,"2466","24","24462","",NA,NA,NA,NA,NA,NA,NA,NA,NA,NA
"89","2466097","CSD","Pointe-Claire (V)",18.90839,31380,12835,12376,"2466","24","24462","",3150,4140,1520,1965,655,1305,785,395,120,4605
"90","2466102","CSD","Kirkland (V)",9.63418,20151,6779,6682,"2466","24","24462","",1870,3405,1140,1665,595,685,375,245,65,1230
"91","2466107","CSD","Beaconsfield (V)",11.02593,19324,6828,6662,"2466","24","24462","",1900,3090,970,1505,615,630,330,215,85,1435
"92","2466112","CSD","Baie-D'Urfé (V)",6.03126,3823,1381,1334,"2466","24","24462","",445,575,200,255,125,100,45,40,15,295
"93","2466117","CSD","Sainte-Anne-de-Bellevue (V)",10.4934,4958,2195,1960,"2466","24","24462","",415,555,205,275,75,185,110,50,20,1075
"94","2466127","CSD","Senneville (VL)",7.524,921,375,346,"2466","24","24462","",115,135,55,65,25,35,20,10,0,85
"95","2466142","CSD","Dollard-Des Ormeaux (V)",15.07753,48899,17627,17210,"2466","24","24462","",4315,7290,2450,3275,1565,2195,1245,670,285,5175
"96","2467005","CSD","Saint-Mathieu (Mï¿½)",31.42674,2156,895,860,"2467","24","24462","",285,265,105,105,50,105,75,30,10,295
"97","2467010","CSD","Saint-Philippe (Mï¿½)",61.96267,6320,2627,2490,"2467","24","24462","",830,830,315,375,140,255,155,75,25,785
"98","2467015","CSD","La Prairie (V)",43.91259,24110,9947,9697,"2467","24","24462","",2460,3260,1135,1575,550,1115,695,330,90,3510
"99","2467020","CSD","Candiac (V)",17.31822,21047,7925,7832,"2467","24","24462","",2040,3255,1060,1645,550,935,510,345,75,1965
"100","2467025","CSD","Delson (V)",7.68967,7457,2950,2887,"2467","24","24462","",870,1025,370,485,165,360,220,105,30,895
"101","2467030","CSD","Sainte-Catherine (V)",9.45198,17047,6845,6751,"2467","24","24462","",1780,2255,955,985,320,905,545,295,70,2370
"102","2467035","CSD","Saint-Constant (V)",57.14956,27359,10282,10111,"2467","24","24462","",2925,4050,1520,1870,660,1225,695,415,115,2705
"103","2467040","CSD","Saint-Isidore (PE)",52.33263,2608,1047,1026,"2467","24","24462","",335,345,140,140,65,100,65,25,10,345
"104","2467045","CSD","Mercier (V)",46.54942,13115,4932,4839,"2467","24","24462","",1480,1900,685,875,335,545,285,195,65,1290
"105","2467050","CSD","Châteauguay (V)",37.3166,47906,19366,18798,"2467","24","24462","",5190,5980,2325,2480,1175,2620,1545,785,290,6950
"106","2467055","CSD","Léry (V)",10.53563,2318,1052,973,"2467","24","24462","",320,290,110,130,50,80,60,20,5,370
"107","2467802","CSD","Kahnawake (IRI)",50.68775,0,0,0,"2467","24","24462","",NA,NA,NA,NA,NA,NA,NA,NA,NA,NA
"108","2470022","CSD","Beauharnois (V)",69.83637,12884,6072,5798,"2470","24","24462","",1835,1300,570,520,215,635,390,180,65,2465
"109","2471025","CSD","Saint-Zotique (Mï¿½)",25.10136,7934,3365,3223,"2471","24","24462","",1065,1020,365,485,170,305,160,115,25,1040
"110","2471033","CSD","Les Coteaux (Mï¿½)",11.73625,5368,2285,2200,"2471","24","24462","",565,700,265,315,115,300,170,95,35,785
"111","2471040","CSD","Coteau-du-Lac (V)",47.36942,7044,2743,2645,"2471","24","24462","",820,940,320,455,165,285,150,115,20,780
"112","2471050","CSD","Les Cèdres (Mï¿½)",78.2564,6777,2693,2607,"2471","24","24462","",810,930,335,445,150,300,155,110,35,785
"113","2471055","CSD","Pointe-des-Cascades (VL)",2.77738,1481,672,649,"2471","24","24462","",195,175,85,70,20,70,40,25,5,255
"114","2471060","CSD","L'Île-Perrot (V)",5.47752,10756,4831,4688,"2471","24","24462","",1195,1225,495,535,200,660,410,210,45,1980
"115","2471065","CSD","Notre-Dame-de-l'Île-Perrot (V)",28.20789,10654,3843,3750,"2471","24","24462","",1100,1715,580,855,280,355,190,120,40,895
"116","2471070","CSD","Pincourt (V)",7.1057,14558,5556,5471,"2471","24","24462","",1510,2150,760,1000,385,620,360,215,50,1565
"117","2471075","CSD","Terrasse-Vaudreuil (Mï¿½)",1.0632,1986,830,809,"2471","24","24462","",240,250,115,90,50,100,60,25,15,300
"118","2471083","CSD","Vaudreuil-Dorion (V)",72.67919,38117,14853,14453,"2471","24","24462","",3690,5255,1850,2415,980,1750,1045,545,155,4825
"119","2471090","CSD","Vaudreuil-sur-le-Lac (VL)",1.39047,1341,504,479,"2471","24","24462","",175,200,60,95,40,40,25,10,10,90
"120","2471095","CSD","L'Île-Cadieux (V)",0.59338,126,64,51,"2471","24","24462","",25,15,10,5,0,5,0,0,0,20
"121","2471100","CSD","Hudson (V)",21.92909,5185,2386,2241,"2471","24","24462","",825,590,230,245,120,180,100,55,25,785
"122","2471105","CSD","Saint-Lazare (V)",67.11417,19889,6821,6746,"2471","24","24462","",2050,3250,995,1570,685,615,325,215,75,1300
"123","2472005","CSD","Saint-Eustache (V)",70.70986,44008,18742,18347,"2472","24","24462","",5250,5140,2010,2255,870,2295,1395,720,185,7400
"124","2472010","CSD","Deux-Montagnes (V)",6.08778,17496,7240,7093,"2472","24","24462","",1835,2290,925,990,375,990,590,325,80,2565
"125","2472015","CSD","Sainte-Marthe-sur-le-Lac (V)",8.93139,18074,6941,6870,"2472","24","24462","",1975,2650,985,1250,420,730,460,220,55,2120
"126","2472020","CSD","Pointe-Calumet (Mï¿½)",5.06188,6428,2696,2618,"2472","24","24462","",690,795,350,295,145,365,225,110,30,1130
"127","2472025","CSD","Saint-Joseph-du-Lac (Mï¿½)",41.58385,6687,2608,2527,"2472","24","24462","",780,960,370,430,165,265,155,95,15,775
"128","2472032","CSD","Oka (Mï¿½)",57.78632,3824,1636,1563,"2472","24","24462","",570,455,190,195,70,130,75,40,15,545
"129","2472043","CSD","Saint-Placide (Mï¿½)",42.96025,1686,865,730,"2472","24","24462","",260,175,75,65,30,60,35,20,5,285
"130","2472802","CSD","Kanesatake (S-ï¿½)",11.85842,0,0,0,"2472","24","24462","",NA,NA,NA,NA,NA,NA,NA,NA,NA,NA
"131","2473005","CSD","Boisbriand (V)",27.80217,26884,10537,10288,"2473","24","24462","",2565,3585,1320,1515,750,1455,885,460,110,3510
"132","2473010","CSD","Sainte-Thérèse (V)",9.48578,25989,12566,12170,"2473","24","24462","",3220,2080,945,805,330,1595,1095,395,105,6345
"133","2473015","CSD","Blainville (V)",55.4651,56863,21006,20600,"2473","24","24462","",5430,8485,2800,4110,1580,2655,1450,955,250,5645
"134","2473020","CSD","Rosemère (V)",10.79152,13958,5181,5096,"2473","24","24462","",1565,2050,685,960,400,515,295,175,45,1325
"135","2473025","CSD","Lorraine (V)",5.90898,9352,3381,3326,"2473","24","24462","",1090,1430,480,685,265,385,190,150,50,620
"136","2473030","CSD","Bois-des-Filion (V)",4.38907,9636,4107,4019,"2473","24","24462","",965,1175,475,510,195,615,375,185,45,1580
"137","2473035","CSD","Sainte-Anne-des-Plaines (V)",93.77737,14421,5440,5263,"2473","24","24462","",1555,1840,735,750,350,680,400,215,60,1695
"138","2474005","CSD","Mirabel (V)",486.17064,50513,20395,19631,"2474","24","24462","",5255,7030,2555,3260,1210,2465,1370,865,230,6375
"139","2475005","CSD","Saint-Colomban (V)",94.95482,16019,6200,5954,"2475","24","24462","",1790,2380,860,1085,430,550,325,170,55,1815
"140","2475017","CSD","Saint-Jérôme (V)",91.49605,74346,35316,33642,"2475","24","24462","",9175,6925,3050,2725,1145,4190,2685,1160,350,16390
"141","2476025","CSD","Gore (CT)",97.13293,1904,1542,904,"2476","24","24462","",380,185,80,75,25,40,30,5,5,375
"142","5915001","CSD","Langley (DM)",314.76313,117285,43720,41982,"5915","59","59933","",13585,16125,5810,7295,3025,4440,2645,1385,415,14745
"143","5915002","CSD","Langley (CY)",10.222,25888,12264,11840,"5915","59","59933","",2980,2600,1140,1000,460,1335,870,360,105,6205
"144","5915004","CSD","Surrey (CY)",324.14646,517887,181159,169964,"5915","59","59933","",48175,74715,26570,34065,14085,21600,12885,6315,2405,69550
"145","5915007","CSD","White Rock (CY)",5.12413,19952,10856,10005,"5915","59","59933","",3020,1535,705,635,200,790,585,170,35,5530
"146","5915011","CSD","Delta (DM)",195.47396,102238,37590,35758,"5915","59","59933","",11355,14645,5275,6975,2400,3895,2285,1240,370,12005
"147","5915015","CSD","Richmond (CY)",151.74256,198309,77478,73457,"5915","59","59933","",20035,28230,13265,11565,3400,9710,6380,2695,640,29140
"148","5915020","CSD","Greater Vancouver A (RDA)",869.11446,16133,8542,6103,"5915","59","59933","",1130,1845,890,785,165,760,475,250,35,3480
"149","5915022","CSD","Vancouver (CY)",116.34847,631486,309418,283916,"5915","59","59933","",71270,63945,28890,27250,7805,25645,17320,6585,1740,177510
"150","5915025","CSD","Burnaby (CY)",91.95612,232755,98030,92201,"5915","59","59933","",24040,29585,13560,12455,3575,10420,6900,2765,750,47480
"151","5915029","CSD","New Westminster (CY)",18.20297,70996,34235,32708,"5915","59","59933","",8680,7480,3555,3035,885,2910,2080,670,155,18270
"152","5915034","CSD","Coquitlam (CY)",129.69784,139284,54393,51325,"5915","59","59933","",13565,20340,8540,9285,2520,6170,3890,1800,480,19735
"153","5915036","CSD","Belcarra (VL)",5.46254,643,292,253,"5915","59","59933","",125,75,25,40,10,15,15,5,0,65
"154","5915038","CSD","Anmore (VL)",29.28807,2210,723,688,"5915","59","59933","",215,375,115,175,80,45,25,20,5,190
"155","5915039","CSD","Port Coquitlam (CY)",33.72219,58612,22586,21753,"5915","59","59933","",5800,8400,3480,3855,1065,2775,1705,835,235,7950
"156","5915043","CSD","Port Moody (CY)",26.3453,33551,13318,12976,"5915","59","59933","",3600,4855,1925,2305,625,1465,870,495,100,4335
"157","5915046","CSD","North Vancouver (DM)",163.39359,85935,32624,31116,"5915","59","59933","",8725,13035,4785,6510,1740,3230,1995,1000,240,10075
"158","5915051","CSD","North Vancouver (CY)",11.87779,52898,26426,24645,"5915","59","59933","",6065,5725,2725,2430,570,2570,1765,675,130,13115
"159","5915055","CSD","West Vancouver (DM)",88.75433,42473,18649,16933,"5915","59","59933","",5125,5530,2160,2535,835,1685,1015,520,145,6260
"160","5915062","CSD","Bowen Island (IM)",50.53494,3680,1915,1495,"5915","59","59933","",565,470,180,225,60,110,70,30,5,500
"161","5915065","CSD","Lions Bay (VL)",2.53457,1334,547,495,"5915","59","59933","",215,185,75,85,30,30,20,10,0,115
"162","5915070","CSD","Pitt Meadows (CY)",95.98686,18573,7356,7194,"5915","59","59933","",2215,2530,1040,1130,365,815,545,220,50,2515
"163","5915075","CSD","Maple Ridge (CY)",284.51005,82256,31400,30262,"5915","59","59933","",8725,11255,4365,5105,1785,3685,2260,1125,300,11405
"164","5915801","CSD","Semiahmoo (IRI)",1.37134,120,64,58,"5915","59","59933","",15,10,0,5,0,10,0,0,0,35
"165","5915802","CSD","Tsawwassen (IRI)",6.577,816,368,323,"5915","59","59933","",130,80,40,30,10,30,20,5,5,125
"166","5915803","CSD","Musqueam 2 (IRI)",3.19919,1652,615,578,"5915","59","59933","",155,190,70,80,45,120,75,25,25,270
"167","5915804","CSD","Coquitlam 2 (IRI)",0.82455,0,0,0,"5915","59","59933","",NA,NA,NA,NA,NA,NA,NA,NA,NA,NA
"168","5915805","CSD","Coquitlam 1 (IRI)",0.02195,54,25,22,"5915","59","59933","",0,10,0,5,0,0,0,0,0,10
"169","5915806","CSD","Burrard Inlet 3 (IRI)",1.05651,1855,932,920,"5915","59","59933","",275,175,100,60,20,105,75,25,0,445
"170","5915807","CSD","Mission 1 (IRI)",0.27764,576,178,160,"5915","59","59933","",25,75,35,30,10,55,35,15,10,100
"171","5915808","CSD","Capilano 5 (IRI)",1.79039,2931,1433,1309,"5915","59","59933","",290,290,145,115,30,210,135,60,15,760
"172","5915809","CSD","Barnston Island 3 (IRI)",0.58363,49,16,15,"5915","59","59933","",NA,NA,NA,NA,NA,NA,NA,NA,NA,NA
"173","5915810","CSD","Musqueam 4 (IRI)",0.53308,10,4,4,"5915","59","59933","",NA,NA,NA,NA,NA,NA,NA,NA,NA,NA
"174","5915811","CSD","Seymour Creek 2 (IRI)",0.49049,123,40,37,"5915","59","59933","",10,5,0,0,5,15,10,0,5,30
"175","5915813","CSD","Katzie 2 (IRI)",0.30729,40,15,15,"5915","59","59933","",5,0,0,0,0,5,0,5,0,5
"176","5915816","CSD","McMillan Island 6 (IRI)",1.78376,94,32,32,"5915","59","59933","",5,10,0,5,0,10,10,0,5,10
"177","5915825","CSD","Matsqui 4 (IRI)",0.28012,471,286,285,"5915","59","59933","",150,5,5,0,5,5,5,0,0,125
"178","5915830","CSD","Katzie 1 (IRI)",0.4239,262,83,67,"5915","59","59933","",15,30,5,15,5,25,15,5,5,30
"179","5915835","CSD","Langley 5 (IRI)",1.30383,0,0,0,"5915","59","59933","",NA,NA,NA,NA,NA,NA,NA,NA,NA,NA
"180","5915840","CSD","Whonnock 1 (IRI)",0.38846,0,1,0,"5915","59","59933","",NA,NA,NA,NA,NA,NA,NA,NA,NA,NA
"181","4806014","CSD","Rocky View County (MD)",3936.82553,39407,13620,13042,"4806","48","48825","",5030,5990,1860,2695,1440,765,430,240,90,2815
"182","4806016","CSD","Calgary (CY)",849.05033,1239220,489650,466725,"4806","48","48825","",126120,163420,62440,71345,29635,47580,29410,13515,4660,219585
"183","4806017","CSD","Chestermere (CY)",36.95569,19887,6250,6112,"4806","48","48825","",1940,3235,1035,1515,690,640,345,210,85,1515
"184","4806019","CSD","Cochrane (T)",30.44301,25853,10225,9757,"4806","48","48825","",3315,3615,1345,1580,695,835,480,265,90,2910
"185","4806021","CSD","Airdrie (CY)",85.75551,61581,22398,21661,"4806","48","48825","",5935,9195,3145,4165,1885,2330,1385,705,235,7420
"186","4806022","CSD","Irricana (T)",3.23354,1216,479,473,"4806","48","48825","",155,150,50,65,30,60,35,15,5,185
"187","4806024","CSD","Beiseker (VL)",2.88248,819,338,331,"4806","48","48825","",100,95,40,30,20,40,20,15,10,140
"188","4806026","CSD","Crossfield (T)",12.1029,2983,1168,1101,"4806","48","48825","",365,395,145,175,75,105,55,45,15,370
"189","4806804","CSD","Tsuu T'ina Nation 145 (Sarcee 145) (IRI)",284.45206,1643,742,491,"4806","48","48825","",145,230,75,90,70,75,45,15,15,145
"190","2480050","CSD","Thurso (V)",7.36986,2818,1308,1228,"2480","24","505","",355,290,130,100,60,180,115,40,20,500
"191","2480055","CSD","Lochaber (CT)",69.77497,415,183,162,"2480","24","505","",55,55,20,30,5,15,10,5,0,60
"192","2480060","CSD","Lochaber-Partie-Ouest (CT)",66.17888,856,339,324,"2480","24","505","",115,130,60,50,15,25,15,10,0,85
"193","2480065","CSD","Mayo (Mï¿½)",77.65254,601,403,259,"2480","24","505","",90,70,30,20,15,30,25,5,5,90
"194","2480140","CSD","Val-des-Bois (Mï¿½)",245.30075,865,851,452,"2480","24","505","",215,50,30,15,10,20,15,5,0,190
"195","2480145","CSD","Bowman (Mï¿½)",166.74669,658,546,312,"2480","24","505","",145,50,35,10,5,20,15,0,0,115
"196","2481017","CSD","Gatineau (V)",381.39039,276245,125608,118385,"2481","24","505","",28965,31405,12385,13190,5820,16030,9850,4770,1410,52890
"197","2482005","CSD","L'Ange-Gardien (Mï¿½)",223.89941,5464,2058,1960,"2482","24","505","",720,795,295,360,140,175,105,55,15,475
"198","2482010","CSD","Notre-Dame-de-la-Salette (Mï¿½)",118.16531,727,473,328,"2482","24","505","",140,70,30,25,10,35,20,10,5,115
"199","2482015","CSD","Val-des-Monts (Mï¿½)",479.20665,11582,6418,4564,"2482","24","505","",1525,1595,665,710,225,435,285,115,35,1440
"200","2482020","CSD","Cantley (Mï¿½)",133.45818,10699,3988,3768,"2482","24","505","",1190,1690,605,775,305,340,190,125,25,895
"201","2482025","CSD","Chelsea (Mï¿½)",121.61247,6909,2898,2610,"2482","24","505","",850,1015,325,510,185,230,135,85,10,665
"202","2482030","CSD","Pontiac (Mï¿½)",503.61809,5850,2664,2252,"2482","24","505","",750,800,305,345,145,220,145,50,25,695
"203","2482035","CSD","La Pêche (Mï¿½)",615.78781,7863,4665,3274,"2482","24","505","",1145,930,400,390,140,325,195,110,20,1135
"204","2483005","CSD","Denholm (Mï¿½)",198.85661,505,556,224,"2483","24","505","",90,45,20,15,5,15,10,5,0,115
"205","3502036","CSD","Clarence-Rockland (C)",309.57828,24512,9537,9329,"3502","35","505","",3265,3215,1265,1430,520,990,595,290,105,2710
"206","3502048","CSD","Russell (TP)",200.07554,16520,6008,5873,"3502","35","505","",1945,2445,895,1055,490,555,310,190,55,1375
"207","3506008","CSD","Ottawa (CV)",2892.07371,934243,395985,373756,"3506","35","505","",99685,113855,42565,49890,21395,41230,24165,12065,5000,168750
"208","3507065","CSD","North Grenville (MU)",358.2208,16451,6658,6439,"3507","35","505","",2445,2075,805,900,365,590,355,185,55,1895
"209","4810066","CSD","Bruderheim (T)",7.16488,1308,622,502,"4810","48","48835","",170,155,60,55,40,60,35,15,10,190
"210","4811012","CSD","Leduc County (MD)",2682.52897,13780,5960,5101,"4811","48","48835","",1980,1870,620,810,440,325,210,80,30,1420
"211","4811013","CSD","Beaumont (T)",10.51008,17396,5980,5633,"4811","48","48835","",1560,2850,910,1325,615,565,285,200,80,1445
"212","4811016","CSD","Leduc (CY)",43.48928,29993,12264,11319,"4811","48","48835","",3360,3885,1470,1640,775,1305,795,365,140,4545
"213","4811018","CSD","Devon (T)",14.32133,6578,2493,2415,"4811","48","48835","",775,855,305,365,185,300,170,105,40,805
"214","4811019","CSD","Calmar (T)",4.67855,2228,861,842,"4811","48","48835","",265,290,120,120,50,100,65,25,10,325
"215","4811020","CSD","Sundance Beach (SV)",0.44043,73,148,31,"4811","48","48835","",15,5,0,0,0,0,0,5,0,5
"216","4811021","CSD","Thorsby (VL)",3.85625,985,428,394,"4811","48","48835","",105,120,35,50,30,50,25,15,10,180
"217","4811022","CSD","Itaska Beach (SV)",0.29211,23,78,10,"4811","48","48835","",NA,NA,NA,NA,NA,NA,NA,NA,NA,NA
"218","4811023","CSD","Golden Days (SV)",2.27503,160,293,78,"4811","48","48835","",45,15,5,5,5,0,0,0,0,25
"219","4811024","CSD","Warburg (VL)",2.67959,766,335,302,"4811","48","48835","",90,80,35,30,20,30,25,10,0,140
"220","4811034","CSD","Parkland County (MD)",2565.9577,32097,12910,11615,"4811","48","48835","",4675,4300,1490,1795,1015,865,535,240,85,3125
"221","4811038","CSD","Seba Beach (SV)",0.8644,169,323,82,"4811","48","48835","",35,10,5,10,5,5,5,0,0,40
"222","4811039","CSD","Betula Beach (SV)",0.24631,16,40,7,"4811","48","48835","",NA,NA,NA,NA,NA,NA,NA,NA,NA,NA
"223","4811041","CSD","Point Alison (SV)",0.15938,10,31,6,"4811","48","48835","",NA,NA,NA,NA,NA,NA,NA,NA,NA,NA
"224","4811042","CSD","Lakeview (SV)",0.34764,30,23,13,"4811","48","48835","",NA,NA,NA,NA,NA,NA,NA,NA,NA,NA
"225","4811044","CSD","Kapasiwin (SV)",0.30144,10,41,5,"4811","48","48835","",NA,NA,NA,NA,NA,NA,NA,NA,NA,NA
"226","4811045","CSD","Wabamun (VL)",3.62672,682,290,270,"4811","48","48835","",100,70,30,20,20,30,20,10,0,125
"227","4811046","CSD","Spring Lake (VL)",3.03229,699,303,261,"4811","48","48835","",85,105,50,40,15,25,20,5,5,70
"228","4811048","CSD","Stony Plain (T)",36.12757,17189,6954,6641,"4811","48","48835","",2115,2025,705,905,415,780,445,230,95,2525
"229","4811049","CSD","Spruce Grove (CY)",32.28107,34066,13109,12552,"4811","48","48835","",3770,4535,1590,2020,925,1500,840,480,180,4560
"230","4811052","CSD","Strathcona County (SM)",1263.00398,98044,36354,35567,"4811","48","48835","",11870,13905,4815,6345,2745,3385,1920,1140,320,10315
"231","4811056","CSD","Fort Saskatchewan (CY)",48.41395,24149,9939,9261,"4811","48","48835","",2835,3160,1175,1420,565,925,550,280,95,3545
"232","4811059","CSD","Sturgeon County (MD)",2146.76955,20495,7337,6870,"4811","48","48835","",2620,2925,960,1210,755,450,270,125,55,1640
"233","4811061","CSD","Edmonton (CY)",700.54067,932546,387950,360828,"4811","48","48835","",92955,112500,44450,46915,21140,41555,25715,11070,4770,186840
"234","4811062","CSD","St. Albert (CY)",48.90419,65589,24446,23954,"4811","48","48835","",7535,9150,3245,4195,1705,2560,1495,800,260,7295
"235","4811064","CSD","Gibbons (T)",7.61373,3159,1223,1136,"4811","48","48835","",310,455,170,180,105,140,70,55,10,370
"236","4811065","CSD","Redwater (T)",20.11202,2053,946,862,"4811","48","48835","",240,210,95,80,35,115,70,25,20,420
"237","4811066","CSD","Bon Accord (T)",2.13723,1529,578,560,"4811","48","48835","",180,210,85,90,40,60,35,15,10,195
"238","4811068","CSD","Morinville (T)",11.25889,9848,3611,3491,"4811","48","48835","",1065,1395,525,595,280,405,215,135,55,1100
"239","4811069","CSD","Legal (T)",3.20915,1345,465,448,"4811","48","48835","",140,180,55,60,65,50,25,15,5,150
"240","4811804","CSD","Stony Plain 135 (IRI)",52.67203,1690,576,465,"4811","48","48835","",85,160,50,25,80,180,100,35,45,240
"241","4811805","CSD","Alexander 134 (IRI)",72.25519,1099,349,272,"4811","48","48835","",40,95,35,25,40,140,65,40,35,145
"242","4811806","CSD","Wabamun 133A (IRI)",63.65505,1592,369,345,"4811","48","48835","",35,145,30,40,75,185,100,35,45,200
"243","4811807","CSD","Wabamun 133B (IRI)",2.05236,30,5,5,"4811","48","48835","",NA,NA,NA,NA,NA,NA,NA,NA,NA,NA
"244","2419068","CSD","Saint-Henri (Mï¿½)",124.09918,5611,2365,2267,"2419","24","24421","",700,755,225,380,145,180,110,50,20,745
"245","2419105","CSD","Beaumont (Mï¿½)",44.90143,2942,1328,1135,"2419","24","24421","",405,375,135,165,75,70,40,20,10,320
"246","2420005","CSD","Saint-François-de-l'Île-d'Orléans (Mï¿½)",28.86149,527,384,237,"2420","24","24421","",105,55,25,20,5,15,5,5,5,85
"247","2420010","CSD","Sainte-Famille (PE)",48.78558,938,445,382,"2420","24","24421","",165,105,35,45,20,25,15,15,5,110
"248","2420015","CSD","Saint-Jean-de-l'Île-d'Orléans (Mï¿½)",43.64988,1059,681,498,"2420","24","24421","",215,95,40,30,20,30,25,10,5,185
"249","2420020","CSD","Saint-Laurent-de-l'Île-d'Orléans (Mï¿½)",35.87758,1532,827,645,"2420","24","24421","",285,170,65,75,35,45,30,15,0,165
"250","2420025","CSD","Saint-Pierre-de-l'Île-d'Orléans (Mï¿½)",31.39584,1993,871,832,"2420","24","24421","",315,235,90,100,40,50,30,15,5,270
"251","2420030","CSD","Sainte-Pétronille (VL)",4.38037,1033,495,446,"2420","24","24421","",180,130,50,65,10,30,20,10,0,120
"252","2421035","CSD","Château-Richer (V)",230.67332,4126,1905,1778,"2421","24","24421","",580,470,195,205,70,165,120,40,10,670
"253","2421040","CSD","L'Ange-Gardien (Mï¿½)",53.82656,3695,1625,1550,"2421","24","24421","",525,475,180,220,75,130,85,40,5,490
"254","2421045","CSD","Boischatel (Mï¿½)",20.84992,7587,2868,2814,"2421","24","24421","",895,1150,385,560,200,175,100,65,15,725
"255","2422005","CSD","Sainte-Catherine-de-la-Jacques-Cartier (V)",123.70592,7706,3063,2965,"2422","24","24421","",945,1150,440,530,180,240,150,75,15,815
"256","2422010","CSD","Fossambault-sur-le-Lac (V)",14.41439,1960,1283,852,"2422","24","24421","",330,240,90,105,45,50,30,15,0,260
"257","2422015","CSD","Lac-Saint-Joseph (V)",42.31277,260,358,127,"2422","24","24421","",75,15,5,5,0,10,10,5,0,30
"258","2422020","CSD","Shannon (Mï¿½)",65.10712,6031,2277,2109,"2422","24","24421","",545,1010,335,490,185,165,85,60,25,510
"259","2422025","CSD","Saint-Gabriel-de-Valcartier (Mï¿½)",445.48511,3382,1204,1124,"2422","24","24421","",330,460,155,210,90,100,60,40,5,305
"260","2422030","CSD","Lac-Delage (V)",2.11307,638,254,242,"2422","24","24421","",65,95,25,45,20,20,10,5,0,70
"261","2422035","CSD","Stoneham-et-Tewkesbury (CU)",686.6841,8359,3924,3252,"2422","24","24421","",1040,1205,425,595,185,260,140,105,25,945
"262","2422040","CSD","Lac-Beauport (Mï¿½)",63.68294,7801,3031,2845,"2422","24","24421","",865,1235,390,610,235,230,115,85,25,625
"263","2422045","CSD","Sainte-Brigitte-de-Laval (V)",110.10095,7348,3007,2816,"2422","24","24421","",875,1120,445,515,160,240,130,85,25,715
"264","2423015","CSD","Notre-Dame-des-Anges (PE)",0.03722,318,0,0,"2423","24","24421","",0,0,0,0,0,0,0,0,0,0
"265","2423027","CSD","Québec (V)",461.46192,531902,266409,252043,"2423","24","24421","",69240,51435,21520,21990,7920,22255,14315,6335,1605,128870
"266","2423057","CSD","L'Ancienne-Lorette (V)",7.72401,16543,7120,6989,"2423","24","24421","",2260,2030,805,925,300,640,400,200,45,2440
"267","2423072","CSD","Saint-Augustin-de-Desmaures (V)",86.44029,18820,7678,7187,"2423","24","24421","",2390,2590,925,1205,460,670,380,235,50,1810
"268","2423802","CSD","Wendake (IRI)",1.71811,2134,973,925,"2423","24","24421","",285,230,110,75,50,135,100,40,5,335
"269","2425213","CSD","Lévis (V)",455.17739,143414,62585,60779,"2425","24","24421","",18625,17205,6345,7925,2935,5865,3530,1895,440,22260
"270","2426070","CSD","Saint-Lambert-de-Lauzon (Mï¿½)",109.60298,6647,2626,2544,"2426","24","24421","",805,960,335,430,205,205,125,60,20,685
"271","2433095","CSD","Saint-Antoine-de-Tilly (Mï¿½)",60.2644,1598,824,691,"2433","24","24421","",275,165,60,55,50,45,25,20,5,235
"272","2434007","CSD","Neuville (V)",72.06605,4392,1898,1817,"2434","24","24421","",655,585,230,260,100,125,75,40,5,545
"273","4602069","CSD","Taché (RM)",582.36286,11568,3884,3769,"4602","46","46602","",1190,1770,550,735,480,330,175,115,45,890
"274","4602075","CSD","Ritchot (RM)",338.15785,6679,2510,2437,"4602","46","46602","",825,990,340,420,225,170,95,55,25,650
"275","4610035","CSD","Macdonald (RM)",1159.077,7162,2428,2382,"4610","46","46602","",825,1110,335,515,260,165,105,55,15,430
"276","4610052","CSD","St. François Xavier (RM)",208.09731,1411,505,484,"4610","46","46602","",170,210,75,85,50,30,15,10,5,105
"277","4611040","CSD","Winnipeg (CY)",474.60041,705244,294245,281046,"4611","46","46602","",70770,83510,32725,34830,15950,35115,21355,9535,4230,134920
"278","4611042","CSD","Headingley (RM)",108.83122,3579,1098,1070,"4611","46","46602","",415,490,170,240,80,55,35,15,5,165
"279","4612047","CSD","Springfield (RM)",1104.52551,15342,5667,5459,"4612","46","46602","",2050,2245,820,990,435,350,205,115,35,1220
"280","4613032","CSD","East St. Paul (RM)",43.03557,9372,3304,3263,"4613","46","46602","",1220,1515,520,710,290,185,100,65,20,545
"281","4613037","CSD","West St. Paul (RM)",88.80496,5368,1809,1792,"4613","46","46602","",580,835,310,375,155,135,90,35,15,395
"282","4613056","CSD","St. Clements (RM)",804.25617,10876,5359,4238,"4613","46","46602","",1645,1400,545,610,250,315,195,90,25,1250
"283","4613062","CSD","Brokenhead 4 (IRI)",55.76306,516,194,157,"4613","46","46602","",35,45,10,15,20,60,30,20,10,85
"284","4614015","CSD","Rosser (RM)",443.31647,1372,481,453,"4614","46","46602","",150,175,65,80,30,40,25,10,5,140
"285","3524002","CSD","Burlington (CY)",187.63194,183314,72535,71373,"3524","35","35537","",20610,24850,9180,11705,3970,7815,4635,2450,730,24080
"286","3525005","CSD","Hamilton (C)",1148.04521,536917,222918,211596,"3525","35","35537","",54755,65960,25315,27885,12760,28635,17265,8140,3235,89250
"287","3526065","CSD","Grimsby (T)",68.97982,27314,10581,10376,"3526","35","35537","",3470,3705,1320,1740,650,1020,570,345,100,2935
"288","3530004","CSD","North Dumfries (TP)",191.00664,10215,3564,3531,"3530","35","35541","",1245,1545,525,675,335,275,140,95,35,795
"289","3530010","CSD","Cambridge (CY)",115.77425,129920,49388,48239,"3530","35","35541","",13225,17320,6590,7555,3175,6730,3955,2010,765,17225
"290","3530013","CSD","Kitchener (CY)",138.44021,233222,95495,92217,"3530","35","35541","",24665,28780,11280,12165,5335,11690,6915,3445,1325,39520
"291","3530016","CSD","Waterloo (CY)",65.13588,104986,46096,40381,"3530","35","35541","",10790,13470,4870,6230,2375,3890,2260,1230,410,19755
"292","3530020","CSD","Wilmot (TP)",266.26145,20545,7612,7516,"3530","35","35541","",2705,2940,975,1385,585,580,335,185,60,1790
"293","3530035","CSD","Woolwich (TP)",330.03234,25006,8741,8611,"3530","35","35541","",2860,3555,1090,1515,950,650,385,205,60,2350
"294","3534020","CSD","Central Elgin (MU)",281.48709,12607,5324,4922,"3534","35","35555","",1980,1650,635,725,295,385,235,105,40,1250
"295","3534021","CSD","St. Thomas (CY)",36.07625,38909,17114,16586,"3534","35","35555","",4795,4265,1775,1710,780,2185,1315,665,210,6685
"296","3534024","CSD","Southwold (TP)",302.33611,4421,1655,1607,"3534","35","35555","",585,630,230,270,125,135,85,30,20,390
"297","3539015","CSD","Strathroy-Caradoc (MU)",271.90629,20867,8455,8294,"3539","35","35555","",2640,2625,980,1155,490,910,540,265,100,2735
"298","3539027","CSD","Thames Centre (MU)",437.32685,13191,5162,4924,"3539","35","35555","",1815,1880,695,835,355,405,230,130,40,1165
"299","3539033","CSD","Middlesex Centre (MU)",591.72446,17262,6139,5983,"3539","35","35555","",2145,2610,805,1200,605,385,205,130,50,1175
"300","3539036","CSD","London (CY)",425.16877,383822,175558,163140,"3539","35","35555","",41405,42825,16845,17705,8275,19960,12260,5585,2115,78905
"301","3539047","CSD","Adelaide-Metcalfe (TP)",331.83547,2990,1045,992,"3539","35","35555","",380,430,125,180,125,55,30,15,10,200
"302","3526003","CSD","Fort Erie (T)",166.96114,30710,15345,13184,"3526","35","35539","",4590,3160,1360,1230,565,1600,1005,430,160,5045
"303","3526011","CSD","Port Colborne (CY)",123.88907,18306,9825,8018,"3526","35","35539","",2590,1855,855,710,290,1010,630,290,90,3195
"304","3526014","CSD","Wainfleet (TP)",219.22782,6372,2977,2413,"3526","35","35539","",995,815,290,325,195,190,120,40,25,620
"305","3526028","CSD","Pelham (T)",127.12401,17110,6596,6469,"3526","35","35539","",2525,2225,825,960,435,495,305,145,45,1715
"306","3526032","CSD","Welland (CY)",84.55513,52293,23323,22490,"3526","35","35539","",6655,5500,2355,2270,875,3070,1945,815,305,9670
"307","3526037","CSD","Thorold (CY)",88.55369,18801,8498,7466,"3526","35","35539","",2030,2180,860,955,365,1000,605,280,115,3550
"308","3526043","CSD","Niagara Falls (CY)",214.01396,88071,37265,35773,"3526","35","35539","",9830,9930,4160,4135,1635,5350,3315,1475,555,15165
"309","3526047","CSD","Niagara-on-the-Lake (T)",135.9963,17511,7964,7089,"3526","35","35539","",3190,1815,700,740,380,490,340,120,35,2195
"310","3526053","CSD","St. Catharines (CY)",99.5512,133113,59879,56873,"3526","35","35539","",15630,13875,5820,5685,2370,7465,4660,2050,755,26930
"311","3526057","CSD","Lincoln (T)",165.4717,23787,8934,8710,"3526","35","35539","",3035,3085,1075,1295,715,785,455,240,90,2550
"312","1209019","CSD","Cole Harbour 30 (IRI)",0.18802,203,123,120,"1209","12","12205","",30,5,5,0,5,20,15,5,0,70
"313","1209029","CSD","Shubenacadie 13 (IRI)",3.9772,0,0,0,"1209","12","12205","",NA,NA,NA,NA,NA,NA,NA,NA,NA,NA
"314","1209034","CSD","Halifax (RGM)",5957.16452,403131,187338,173324,"1209","12","12205","",50610,44080,19595,17945,6540,18870,11930,5275,1665,84120
"315","1209037","CSD","Beaver Lake 17 (IRI)",0.85388,21,5,5,"1209","12","12205","",NA,NA,NA,NA,NA,NA,NA,NA,NA,NA
"316","1209038","CSD","Sheet Harbour 36 (IRI)",0.51451,25,9,7,"1209","12","12205","",NA,NA,NA,NA,NA,NA,NA,NA,NA,NA
"317","1209800","CSD","Wallace Hills 14A (IRI)",0.43888,10,3,3,"1209","12","12205","",NA,NA,NA,NA,NA,NA,NA,NA,NA,NA
"318","3518009","CSD","Whitby (T)",147.99499,128377,44195,43529,"3518","35","35532","",10700,19840,6635,9455,3750,5890,3240,1920,735,12575
"319","3518013","CSD","Oshawa (CY)",146.89377,159458,64883,62595,"3518","35","35532","",16375,18710,7750,7685,3280,10360,6295,2920,1145,27205
"320","3518017","CSD","Clarington (MU)",613.17305,92013,33384,32838,"3518","35","35532","",9645,13515,4905,6290,2320,4140,2395,1300,445,9270
"321","5917005","CSD","North Saanich (DM)",37.25473,11249,4936,4626,"5917","59","59935","",2345,1210,525,515,165,275,175,85,15,1320
"322","5917010","CSD","Sidney (T)",5.08476,11672,5960,5603,"5917","59","59935","",2085,865,385,345,135,445,300,110,35,2655
"323","5917015","CSD","Central Saanich (DM)",41.33897,16814,7121,6893,"5917","59","59935","",2595,1970,850,865,260,545,355,150,40,2610
"324","5917021","CSD","Saanich (DM)",106.95757,114148,49422,46652,"5917","59","59935","",14635,12720,5540,5550,1630,4690,3075,1305,305,23785
"325","5917030","CSD","Oak Bay (DM)",10.45751,18094,8122,7737,"5917","59","59935","",2670,1980,740,935,310,550,350,165,35,3240
"326","5917034","CSD","Victoria (CY)",19.47656,85792,49212,45762,"5917","59","59935","",11585,5195,2725,1970,505,3375,2500,725,150,31970
"327","5917040","CSD","Esquimalt (DM)",7.06188,17655,8742,8493,"5917","59","59935","",2260,1460,740,570,150,820,570,205,40,5180
"328","5917041","CSD","Colwood (CY)",17.67417,16859,6867,6588,"5917","59","59935","",2290,2120,885,960,275,720,455,220,45,2445
"329","5917042","CSD","Metchosin (DM)",71.2587,4708,1932,1818,"5917","59","59935","",800,520,220,220,80,130,85,35,10,650
"330","5917044","CSD","Langford (CY)",40.89865,35342,14906,14178,"5917","59","59935","",4225,4300,1930,1825,545,1775,1145,515,115,6175
"331","5917047","CSD","View Royal (T)",14.76393,10408,4299,4154,"5917","59","59935","",1415,1150,485,515,150,435,295,110,30,1740
"332","5917049","CSD","Highlands (DM)",38.35469,2225,862,831,"5917","59","59935","",355,285,110,135,40,60,35,20,5,275
"333","5917052","CSD","Sooke (DM)",57.12256,13001,5599,5253,"5917","59","59935","",1755,1540,655,620,265,550,330,160,60,2125
"334","5917054","CSD","Juan de Fuca (Part 1) (RDA)",224.51498,4670,2337,1992,"5917","59","59935","",855,510,235,190,80,130,95,25,10,715
"335","5917801","CSD","Cole Bay 3 (IRI)",2.81839,332,97,90,"5917","59","59935","",15,25,5,5,15,40,25,10,5,60
"336","5917802","CSD","Union Bay 4 (IRI)",0.28944,94,40,33,"5917","59","59935","",5,10,0,5,5,15,10,0,0,20
"337","5917803","CSD","East Saanich 2 (IRI)",2.69323,1689,796,768,"5917","59","59935","",315,110,40,40,30,80,50,20,10,390
"338","5917804","CSD","South Saanich 1 (IRI)",2.08866,822,248,227,"5917","59","59935","",35,95,30,30,40,75,40,15,20,115
"339","5917809","CSD","Becher Bay 1 (IRI)",2.65149,129,54,43,"5917","59","59935","",10,15,10,5,0,10,10,0,0,25
"340","5917811","CSD","Esquimalt (IRI)",0.21669,0,0,0,"5917","59","59935","",NA,NA,NA,NA,NA,NA,NA,NA,NA,NA
"341","5917812","CSD","New Songhees 1A (IRI)",0.71011,1842,917,891,"5917","59","59935","",235,130,65,45,15,145,105,25,10,555
"342","5917819","CSD","T'Sou-ke (IRI)",0.74625,225,90,84,"5917","59","59935","",20,20,15,5,5,15,5,0,5,55
"343","3537028","CSD","Amherstburg (T)",192.85098,21936,8951,8522,"3537","35","35559","",2795,2900,1075,1280,545,915,490,330,95,2475
"344","3537034","CSD","LaSalle (T)",66.03543,30180,10793,10689,"3537","35","35559","",3150,4580,1500,2135,945,1145,615,390,135,2570
"345","3537039","CSD","Windsor (CY)",146.48788,217188,97777,91632,"3537","35","35559","",21285,23580,9100,9385,5095,13475,8055,3785,1645,44140
"346","3537048","CSD","Tecumseh (T)",94.84054,23229,8987,8884,"3537","35","35559","",2840,3185,1145,1460,580,1015,570,335,115,2415
"347","3537064","CSD","Lakeshore (T)",532.16686,36611,13900,13185,"3537","35","35559","",4315,5425,1770,2485,1175,1195,650,395,150,3135
"348","4711060","CSD","Thode (RV)",0.77871,148,101,59,"4711","47","47725","",20,20,5,10,5,5,0,0,0,20
"349","4711061","CSD","Dundurn No. 314 (RM)",841.2719,2404,503,484,"4711","47","47725","",165,265,80,110,75,15,10,5,5,60
"350","4711063","CSD","Dundurn (T)",1.3716,611,262,231,"4711","47","47725","",60,90,35,40,20,20,10,5,0,70
"351","4711064","CSD","Shields (RV)",0.73927,288,195,117,"4711","47","47725","",55,35,20,10,10,10,5,5,5,25
"352","4711065","CSD","Corman Park No. 344 (RM)",2011.07767,8568,3037,2952,"4711","47","47725","",1230,1220,400,485,340,150,95,35,20,595
"353","4711066","CSD","Saskatoon (CY)",238.00279,246376,107098,98565,"4711","47","47725","",26110,28180,10720,11590,5870,11030,6525,3015,1495,50375
"354","4711067","CSD","Langham (T)",4.01466,1496,568,542,"4711","47","47725","",175,190,70,80,40,60,35,15,10,160
"355","4711068","CSD","Warman (CY)",13.29935,11020,3874,3748,"4711","47","47725","",1145,1755,560,800,395,295,155,100,45,925
"356","4711069","CSD","Blucher No. 343 (RM)",853.67232,2006,808,766,"4711","47","47725","",300,255,90,100,60,55,30,20,10,230
"357","4711070","CSD","Martensville (CY)",7.05396,9645,3337,3248,"4711","47","47725","",870,1605,525,755,325,295,160,95,45,815
"358","4711071","CSD","Bradwell (VL)",0.41523,166,65,62,"4711","47","47725","",15,20,5,5,5,10,0,5,0,30
"359","4711072","CSD","Allan (T)",1.78384,644,274,253,"4711","47","47725","",95,80,30,30,15,35,20,10,5,70
"360","4711073","CSD","Dalmeny (T)",2.27925,1826,609,592,"4711","47","47725","",185,270,85,100,85,60,25,25,10,115
"361","4711075","CSD","Osler (T)",1.58054,1237,412,399,"4711","47","47725","",135,180,50,75,60,30,15,10,10,90
"362","4711076","CSD","Colonsay No. 342 (RM)",588.70534,269,121,107,"4711","47","47725","",55,25,10,10,5,5,5,0,0,30
"363","4711077","CSD","Clavet (VL)",0.84322,410,144,137,"4711","47","47725","",40,65,25,25,15,10,5,5,5,30
"364","4711078","CSD","Meacham (VL)",1.314,99,55,43,"4711","47","47725","",15,10,5,5,5,5,0,0,0,15
"365","4711079","CSD","Colonsay (T)",2.64151,451,207,184,"4711","47","47725","",55,55,15,30,10,10,5,5,0,75
"366","4711828","CSD","Whitecap (IRI)",21.1987,451,166,145,"4711","47","47725","",20,50,20,15,15,45,20,20,15,70
"367","4712054","CSD","Vanscoy No. 345 (RM)",906.56184,2840,1221,1094,"4712","47","47725","",505,370,145,145,80,65,40,20,5,255
"368","4712056","CSD","Delisle (T)",3.34616,1038,438,412,"4712","47","47725","",130,135,45,70,25,40,20,15,10,135
"369","4712058","CSD","Vanscoy (VL)",1.49077,462,198,191,"4712","47","47725","",55,60,25,25,10,20,15,10,0,70
"370","4712059","CSD","Asquith (T)",1.42766,639,261,254,"4712","47","47725","",80,75,20,30,25,25,20,10,0,110
"371","4715018","CSD","Aberdeen No. 373 (RM)",711.66001,1379,558,466,"4715","47","47725","",165,225,70,100,55,20,10,5,0,100
"372","4715019","CSD","Aberdeen (T)",1.97445,622,254,232,"4715","47","47725","",60,95,35,40,20,15,5,10,5,75
"373","4706011","CSD","Lajord No. 128 (RM)",948.05442,1232,473,417,"4706","47","47705","",170,155,55,55,40,30,15,10,0,100
"374","4706021","CSD","Pense No. 160 (RM)",851.42607,508,189,158,"4706","47","47705","",75,50,15,20,15,10,5,0,5,30
"375","4706022","CSD","Belle Plaine (VL)",1.34858,85,43,33,"4706","47","47705","",10,10,5,5,5,5,5,0,0,10
"376","4706023","CSD","Pense (T)",1.34928,587,228,216,"4706","47","47705","",55,90,35,30,25,25,10,15,0,55
"377","4706026","CSD","Sherwood No. 159 (RM)",670.34184,974,325,309,"4706","47","47705","",125,95,40,40,20,25,15,5,0,85
"378","4706027","CSD","Regina (CY)",182.51107,215106,93197,87417,"4706","47","47705","",23025,24900,9865,10360,4670,10520,6315,2790,1415,42090
"379","4706028","CSD","Grand Coulee (VL)",1.77383,649,202,202,"4706","47","47705","",50,120,40,60,25,15,10,10,0,30
"380","4706029","CSD","Edenwold No. 158 (RM)",870.44472,4490,1546,1509,"4706","47","47705","",550,705,220,340,150,105,55,35,15,250
"381","4706030","CSD","White City (T)",7.51741,3099,1036,998,"4706","47","47705","",305,550,180,245,125,55,25,20,5,150
"382","4706031","CSD","Pilot Butte (T)",5.80516,2137,791,760,"4706","47","47705","",250,330,140,125,65,80,50,30,5,165
"383","4706032","CSD","Balgonie (T)",4.98893,1765,611,606,"4706","47","47705","",175,300,100,145,55,60,25,25,5,110
"384","4706033","CSD","Edenwold (VL)",0.70441,233,92,88,"4706","47","47705","",25,35,15,10,10,10,5,5,5,20
"385","4706053","CSD","Lumsden No. 189 (RM)",847.46551,1938,774,712,"4706","47","47705","",305,275,100,130,45,35,25,10,0,145
"386","4706054","CSD","Disley (VL)",0.65222,67,33,28,"4706","47","47705","",15,5,5,5,0,5,0,5,0,10
"387","4706055","CSD","Buena Vista (VL)",3.61474,612,417,255,"4706","47","47705","",125,75,35,25,15,15,10,5,0,55
"388","4706056","CSD","Lumsden (T)",4.16221,1824,722,695,"4706","47","47705","",240,240,85,110,45,65,35,20,15,185
"389","4706057","CSD","Lumsden Beach (RV)",0.9272,30,59,13,"4706","47","47705","",NA,NA,NA,NA,NA,NA,NA,NA,NA,NA
"390","4706058","CSD","Regina Beach (T)",5.77645,1145,981,539,"4706","47","47705","",225,100,55,30,15,50,25,15,5,200
"391","2441055","CSD","Ascot Corner (Mï¿½)",83.01166,3158,1235,1201,"2441","24","24433","",385,430,155,185,90,110,50,45,15,385
"392","2442005","CSD","Stoke (Mï¿½)",256.07313,2955,1258,1185,"2442","24","24433","",435,375,135,165,80,90,55,30,10,375
"393","2442025","CSD","Saint-Denis-de-Brompton (Mï¿½)",79.85119,4054,1881,1598,"2442","24","24433","",580,535,195,235,110,125,70,45,10,455
"394","2442095","CSD","Val-Joli (Mï¿½)",92.68478,1619,696,652,"2442","24","24433","",215,210,75,90,45,60,40,15,5,225
"395","2443027","CSD","Sherbrooke (V)",365.90834,161323,80341,73506,"2443","24","24433","",19525,15695,5720,6745,3235,7305,4370,2200,730,37230
"396","2444071","CSD","Compton (Mï¿½)",207.62701,3131,1342,1260,"2444","24","24433","",410,400,150,145,105,100,60,35,5,410
"397","2444080","CSD","Waterville (V)",44.70098,2121,885,859,"2444","24","24433","",240,260,80,105,70,100,55,40,5,315
"398","2445050","CSD","North Hatley (VL)",4.57877,632,448,299,"2445","24","24433","",95,50,20,25,5,30,20,5,0,135
"399","2445055","CSD","Hatley (CT)",73.73788,2106,928,817,"2445","24","24433","",330,260,85,105,70,70,45,20,5,210
"400","2445072","CSD","Magog (V)",150.61644,26669,14277,12294,"2445","24","24433","",4160,2290,920,930,440,1215,750,340,125,5370
"401","2445115","CSD","Orford (CT)",147.56978,4337,2791,1906,"2445","24","24433","",790,495,200,220,80,95,60,20,10,610
"402","1001485","CSD","Conception Bay South (T)",61.21745,26199,10553,9934,"1001","10","10001","",3220,3725,1660,1695,365,1175,735,350,90,2820
"403","1001504","CSD","Portugal Cove-St. Philip's (T)",60.73638,8147,3215,3028,"1001","10","10001","",1005,1250,530,585,135,285,180,80,25,805
"404","1001505","CSD","Pouch Cove (T)",60.25391,2069,868,818,"1001","10","10001","",255,295,125,140,25,105,65,30,10,230
"405","1001507","CSD","Flatrock (T)",19.05691,1683,641,608,"1001","10","10001","",185,285,135,115,25,55,35,20,5,145
"406","1001509","CSD","Torbay (T)",36.91046,7899,3005,2864,"1001","10","10001","",795,1270,545,590,130,310,175,105,30,765
"407","1001511","CSD","Logy Bay-Middle Cove-Outer Cove (T)",17.136,2221,827,804,"1001","10","10001","",260,360,140,170,45,65,40,20,5,185
"408","1001512","CSD","Bauline (T)",16.72744,452,174,163,"1001","10","10001","",65,70,30,30,10,15,5,5,0,30
"409","1001517","CSD","Paradise (T)",32.0427,21389,8662,8038,"1001","10","10001","",2345,3345,1435,1570,335,785,495,245,45,2305
"410","1001519","CSD","St. John's (CY)",476.95972,108860,52410,47627,"1001","10","10001","",12780,11265,5175,4710,1380,5910,3845,1585,475,25405
"411","1001542","CSD","Mount Pearl (CY)",15.81177,22957,10381,9605,"1001","10","10001","",3060,2835,1460,1130,245,1270,850,335,85,3400
"412","1001551","CSD","Petty Harbour-Maddox Cove (T)",4.6864,960,394,371,"1001","10","10001","",120,125,55,55,15,65,40,20,5,115
"413","1001557","CSD","Bay Bulls (T)",31.40428,1500,589,566,"1001","10","10001","",170,225,95,110,25,65,45,15,5,155
"414","1001559","CSD","Witless Bay (T)",17.51712,1619,634,589,"1001","10","10001","",165,255,125,105,30,60,45,15,10,155
"415","3543009","CSD","Springwater (TP)",542.95689,19059,7234,6694,"3543","35","35568","",2345,2860,960,1355,540,565,340,175,45,1680
"416","3543017","CSD","Innisfil (T)",317.928,36566,14875,13364,"3543","35","35568","",4320,5115,2060,2180,875,1555,875,515,165,4290
"417","3543042","CSD","Barrie (CY)",106.79153,141434,54227,52476,"3543","35","35568","",13555,17725,6620,7870,3240,8215,4710,2580,925,22385
"418","5935010","CSD","Kelowna (CY)",260.94601,127380,57433,53903,"5935","59","59915","",17575,12670,5080,5575,2015,5330,3465,1455,405,27735
"419","5935012","CSD","Central Okanagan (RDA)",1278.03113,3824,1646,1518,"5935","59","59915","",700,435,170,195,75,95,65,25,10,505
"420","5935016","CSD","Lake Country (DM)",162.36555,12922,5897,5094,"5935","59","59915","",1995,1520,600,670,250,455,305,115,30,1825
"421","5935018","CSD","Peachland (DM)",17.95947,5428,2749,2458,"5935","59","59915","",1250,445,225,165,55,185,130,40,15,845
"422","5935020","CSD","Central Okanagan J (RDA)",1252.96581,1981,1621,901,"5935","59","59915","",465,170,75,70,25,45,35,10,0,310
"423","5935029","CSD","West Kelowna (DM)",160.25234,32655,13190,12437,"5935","59","59915","",4975,3930,1540,1735,655,1225,730,380,115,3975
"424","5935801","CSD","Duck Lake 7 (IRI)",2.01718,1664,1377,852,"5935","59","59915","",340,115,55,40,15,60,45,10,5,415
"425","5935802","CSD","Tsinstikeptum  9 (IRI)",6.89861,7612,3846,3649,"5935","59","59915","",1455,460,230,165,65,415,270,105,45,1710
"426","5935803","CSD","Tsinstikeptum 10 (IRI)",3.46362,1416,615,571,"5935","59","59915","",255,125,50,50,25,75,40,20,10,220
"427","5909052","CSD","Abbotsford (CY)",385.44797,141397,51770,49040,"5909","59","59932","",15540,18125,6120,7855,4155,5625,3235,1700,685,20795
"428","5909056","CSD","Mission (DM)",262.40014,38833,14101,13500,"5909","59","59932","",4225,4805,1880,1970,955,1895,1100,560,230,5505
"429","5909877","CSD","Upper Sumas 6 (IRI)",2.60689,178,64,59,"5909","59","59932","",5,20,10,5,0,25,10,5,5,25
"430","5909878","CSD","Matsqui Main 2 (IRI)",1.54033,110,32,32,"5909","59","59932","",5,10,0,5,0,10,5,0,5,15
"431","3552013","CSD","Markstay-Warren (MU)",518.1379,2656,1276,1111,"3552","35","35580","",435,310,145,115,55,95,65,30,5,355
"432","3552051","CSD","Whitefish Lake 6 (IRI)",220.97988,386,240,134,"3552","35","35580","",25,50,20,20,10,40,25,15,0,50
"433","3553005","CSD","Greater Sudbury (CV)",3621.89155,161531,75029,69152,"3553","35","35580","",20565,18080,7670,7785,2620,8245,5190,2315,745,29075
"434","3553040","CSD","Wahnapitei 11 (IRI)",11.11531,116,74,48,"3553","35","35580","",10,15,15,10,0,10,5,0,0,10
"435","3510005","CSD","Frontenac Islands (TP)",175.31688,1760,1273,783,"3510","35","35521","",370,175,70,75,30,45,30,15,5,225
"436","3510010","CSD","Kingston (CY)",474.61314,123798,59977,53518,"3510","35","35521","",15170,12540,5255,5260,2030,6150,3905,1705,540,27135
"437","3510020","CSD","South Frontenac (TP)",1146.82865,18646,9213,7186,"3510","35","35521","",2935,2485,1050,1060,370,605,360,185,65,1825
"438","3511005","CSD","Loyalist (TP)",345.57071,16971,6710,6428,"3511","35","35521","",2380,1970,850,835,280,720,440,230,45,1975
"439","2494068","CSD","Saguenay (V)",1280.41337,145949,69859,66246,"2494","24","24408","",21225,15090,6335,6335,2425,5970,3805,1740,430,28075
"440","2494225","CSD","Saint-Félix-d'Otis (Mï¿½)",281.0413,956,771,430,"2494","24","24408","",205,100,45,35,15,20,10,5,0,120
"441","2494230","CSD","Sainte-Rose-du-Nord (PE)",155.79048,439,333,200,"2494","24","24408","",70,40,25,10,5,20,15,5,5,80
"442","2494235","CSD","Saint-Fulgence (Mï¿½)",393.6768,2071,1008,887,"2494","24","24408","",345,235,100,75,60,55,30,20,10,315
"443","2494240","CSD","Saint-Honoré (Mï¿½)",190.46919,5757,2286,2202,"2494","24","24408","",775,790,320,320,150,200,100,75,25,590
"444","2494245","CSD","Saint-David-de-Falardeau (Mï¿½)",424.58622,2768,2102,1200,"2494","24","24408","",520,295,120,105,65,80,50,20,10,375
"445","2494250","CSD","Bégin (Mï¿½)",197.62437,818,477,366,"2494","24","24408","",160,75,25,30,20,30,20,10,0,115
"446","2494260","CSD","Saint-Charles-de-Bourget (Mï¿½)",65.60449,736,354,311,"2494","24","24408","",130,85,35,35,10,25,20,5,5,85
"447","2494265","CSD","Larouche (Mï¿½)",89.58825,1486,778,637,"2494","24","24408","",245,175,70,75,30,45,30,15,5,230
"448","2437067","CSD","Trois-Rivières (V)",294.75287,134413,67771,63157,"2437","24","24442","",17965,12155,5090,5130,1930,6510,4200,1815,495,31080
"449","2437220","CSD","Champlain (Mï¿½)",58.67825,1735,927,813,"2437","24","24442","",290,175,70,80,30,65,45,15,10,340
"450","2437225","CSD","Saint-Luc-de-Vincennes (Mï¿½)",53.7904,545,278,251,"2437","24","24442","",85,55,25,20,10,20,10,10,5,105
"451","2437230","CSD","Saint-Maurice (PE)",91.43577,3286,1345,1306,"2437","24","24442","",440,435,160,185,85,110,70,35,10,395
"452","2438010","CSD","Bécancour (V)",446.35228,13031,6031,5694,"2438","24","24442","",1795,1420,550,635,240,525,290,185,50,2240
"453","2438802","CSD","Wôlinak (IRI)",0.83658,202,97,90,"2438","24","24442","",20,15,5,5,5,25,15,5,5,35
"454","2451020","CSD","Yamachiche (Mï¿½)",106.95691,2830,1285,1191,"2451","24","24442","",385,330,140,135,65,120,75,30,15,450
"455","3523001","CSD","Puslinch (TP)",219.65318,7336,2793,2705,"3523","35","35550","",1085,995,385,390,225,175,110,50,20,755
"456","3523008","CSD","Guelph (CY)",88.08374,131794,55927,52090,"3523","35","35550","",13720,16570,6290,7445,2840,6025,3580,1825,615,23725
"457","3523009","CSD","Guelph/Eramosa (TP)",296.26657,12854,4604,4485,"3523","35","35550","",1690,1880,665,825,385,325,200,90,35,1085
"458","1306001","CSD","Hopewell (P)",154.29086,647,319,287,"1306","13","13305","",95,65,35,25,5,35,20,10,5,120
"459","1306008","CSD","Elgin (P)",521.14252,892,595,418,"1306","13","13305","",170,80,25,35,15,30,20,10,0,185
"460","1306011","CSD","Hillsborough (P)",317.02078,1308,649,581,"1306","13","13305","",220,140,65,50,20,65,45,10,5,205
"461","1306014","CSD","Coverdale (P)",242.38464,4466,1806,1757,"1306","13","13305","",750,555,235,245,75,155,105,30,20,495
"462","1306020","CSD","Riverview (TV)",39.20846,19667,8537,8224,"1306","13","13305","",2665,2340,955,1035,340,940,595,265,80,3020
"463","1306025","CSD","Hillsborough (VL)",12.89416,1277,584,547,"1306","13","13305","",195,135,60,50,25,65,45,15,5,195
"464","1307011","CSD","Dorchester (P)",101.365,429,215,188,"1307","13","13305","",75,45,20,20,5,15,10,5,0,80
"465","1307012","CSD","Dorchester (VL)",5.79944,1096,235,199,"1307","13","13305","",60,45,25,15,0,30,20,10,0,85
"466","1307013","CSD","Memramcook (VL)",202.10417,4778,2119,1979,"1307","13","13305","",785,605,285,270,50,160,110,40,10,575
"467","1307014","CSD","Fort Folly 1 (IRI)",0.55176,40,22,21,"1307","13","13305","",0,5,0,0,5,5,0,0,0,10
"468","1307019","CSD","Moncton (P)",581.21826,9811,4036,3878,"1307","13","13305","",1520,1280,610,510,155,340,230,95,15,1170
"469","1307022","CSD","Moncton (C)",146.2522,71889,35380,32135,"1307","13","13305","",9125,7075,3265,2795,1015,3635,2375,940,320,16525
"470","1307028","CSD","Salisbury (VL)",13.74266,2284,974,928,"1307","13","13305","",300,285,115,125,45,110,65,30,15,305
"471","1307045","CSD","Dieppe (C)",58.09649,25384,10829,10288,"1307","13","13305","",3230,3195,1320,1470,400,1020,630,320,75,3935
"472","1308008","CSD","Saint-Paul (P)",229.05068,842,399,339,"1308","13","13305","",160,85,45,20,25,30,20,5,5,110
"473","3529005","CSD","Brant (CY)",852.53906,36707,13687,13315,"3529","35","35543","",4795,4990,1795,2155,1040,1215,730,365,120,3530
"474","3529006","CSD","Brantford (CY)",74.50074,97496,40732,39215,"3529","35","35543","",10505,11315,4630,4585,2100,5945,3510,1770,665,16090
"475","3529020","CSD","Six Nations (Part) 40 (IRI)",159.2311,0,0,0,"3529","35","35543","",NA,NA,NA,NA,NA,NA,NA,NA,NA,NA
"476","1301001","CSD","Saint Martins (P)",632.98588,1132,609,480,"1301","13","13310","",190,125,60,45,15,55,25,20,5,155
"477","1301002","CSD","St. Martins (VL)",2.35027,276,198,140,"1301","13","13310","",35,25,10,10,0,15,5,5,5,75
"478","1301004","CSD","Simonds (P)",294.76181,3843,1617,1516,"1301","13","13310","",540,525,260,215,45,175,110,50,20,425
"479","1301006","CSD","Saint John (C)",364.13286,67575,33801,30208,"1301","13","13310","",7990,6415,3120,2355,945,4330,2810,1120,400,14960
"480","1301016","CSD","Musquash (P)",267.20326,1194,600,508,"1301","13","13310","",200,140,60,50,25,45,35,10,5,160
"481","1302008","CSD","Lepreau (P)",218.63336,707,507,335,"1302","13","13310","",140,65,35,30,5,30,25,5,0,125
"482","1304001","CSD","Petersville (P)",597.37054,681,325,294,"1304","13","13310","",120,65,35,25,10,35,25,10,0,115
"483","1305004","CSD","Upham (P)",190.0732,1269,579,521,"1305","13","13310","",195,150,55,65,35,50,35,15,5,165
"484","1305006","CSD","Hampton (P)",127.73686,2809,1157,1089,"1305","13","13310","",405,365,160,145,60,120,60,45,10,270
"485","1305007","CSD","Hampton (TV)",25.96741,4289,1709,1639,"1305","13","13310","",605,525,175,245,110,190,120,55,15,425
"486","1305008","CSD","Rothesay (P)",7.61534,325,136,119,"1305","13","13310","",40,40,15,15,15,10,5,5,0,40
"487","1305011","CSD","Westfield (P)",345.09281,1962,952,811,"1305","13","13310","",325,230,120,85,30,75,45,20,10,240
"488","1305014","CSD","Kingston (P)",274.56606,2913,1671,1227,"1305","13","13310","",465,340,145,130,65,115,75,25,15,400
"489","1305015","CSD","Grand Bay-Westfield (TV)",66.53538,4964,2029,1933,"1305","13","13310","",705,650,260,290,100,210,130,60,20,560
"490","1305016","CSD","Norton (P)",146.38341,1301,536,512,"1305","13","13310","",185,155,60,70,25,60,50,15,0,155
"491","1305038","CSD","Greenwich (P)",138.17014,1058,560,449,"1305","13","13310","",185,115,60,45,15,40,30,10,5,165
"492","1305045","CSD","Rothesay (TV)",35.20813,11659,4816,4636,"1305","13","13310","",1550,1545,590,680,275,495,320,140,35,1345
"493","1305057","CSD","Quispamsis (TV)",58.62878,18245,6596,6455,"1305","13","13310","",2200,2755,970,1275,510,580,340,165,75,1405
"494","3515005","CSD","Otonabee-South Monaghan (TP)",389.01256,6670,2944,2591,"3515","35","35529","",1115,815,300,370,145,205,130,60,5,720
"495","3515008","CSD","Hiawatha First Nation (IRI)",8.30989,362,211,154,"3515","35","35529","",40,40,20,15,5,35,20,10,5,55
"496","3515013","CSD","Cavan Monaghan (TP)",307.3495,8829,3271,3187,"3515","35","35529","",1215,1185,490,465,230,310,190,90,35,855
"497","3515014","CSD","Peterborough (CY)",67.03779,81032,36785,34710,"3515","35","35529","",9705,7870,3325,3275,1270,4525,2880,1215,430,18075
"498","3515015","CSD","Selwyn (TP)",371.15799,17060,8404,6857,"3515","35","35529","",2935,1990,780,855,350,535,325,155,55,2060
"499","3515019","CSD","Curve Lake First Nation 35 (IRI)",9.68131,1059,613,457,"3515","35","35529","",110,90,45,30,15,120,70,35,10,210
"500","3515023","CSD","Douro-Dummer (TP)",484.43437,6709,3434,2577,"3515","35","35529","",1060,845,320,355,170,215,125,55,30,715
"501","3558001","CSD","Neebing (MU)",905.39147,2055,1166,841,"3558","35","35595","",355,250,105,100,45,55,40,10,5,235
"502","3558003","CSD","Fort William 52 (IRI)",63.41673,981,373,342,"3558","35","35595","",75,80,20,25,35,120,60,35,15,150
"503","3558004","CSD","Thunder Bay (CY)",334.21909,107909,50388,47182,"3558","35","35595","",12830,11130,4800,4565,1760,6070,3810,1625,640,22250
"504","3558011","CSD","Oliver Paipoonge (MU)",355.26268,5922,2289,2239,"3558","35","35595","",915,795,310,340,145,160,80,50,30,565
"505","3558012","CSD","Gillies (TP)",93.0584,474,201,185,"3558","35","35595","",75,65,30,20,10,15,10,0,0,55
"506","3558016","CSD","O'Connor (TP)",108.79506,663,272,262,"3558","35","35595","",110,95,45,35,15,15,10,5,5,50
"507","3558019","CSD","Conmee (TP)",171.20036,819,327,298,"3558","35","35595","",110,115,45,55,15,30,25,10,5,80
"508","3558028","CSD","Shuniah (MU)",586.91951,2798,2130,1196,"3558","35","35595","",545,315,135,150,35,75,55,15,0,335
"509","4802011","CSD","Lethbridge County (MD)",2905.06645,10353,3129,2968,"4802","48","48810","",1005,1290,330,380,575,155,100,40,15,780
"510","4802012","CSD","Lethbridge (CY)",124.90215,92729,39867,37575,"4802","48","48810","",11345,9875,3820,3965,2085,3910,2410,1040,465,19140
"511","4802013","CSD","Coalhurst (T)",3.11944,2668,970,938,"4802","48","48810","",280,380,145,135,100,105,65,25,15,310
"512","4802014","CSD","Nobleford (VL)",1.79922,1278,427,404,"4802","48","48810","",125,185,45,50,85,25,15,5,5,95
"513","4802016","CSD","Barons (VL)",0.81276,341,148,132,"4802","48","48810","",45,40,15,10,15,10,10,5,0,45
"514","4802018","CSD","Picture Butte (T)",2.85017,1810,706,672,"4802","48","48810","",210,215,65,60,85,55,35,15,10,235
"515","4802019","CSD","Coaldale (T)",8.14684,8215,3070,3007,"4802","48","48810","",1020,1075,350,435,290,265,155,70,40,990
"516","3512001","CSD","Tyendinaga (TP)",314.63438,4297,1631,1546,"3512","35","35522","",550,610,220,265,125,150,95,40,20,435
"517","3512005","CSD","Belleville (CY)",250.17971,50716,22744,21732,"3512","35","35522","",6430,5080,2205,2005,865,2810,1780,725,310,10160
"518","3512015","CSD","Quinte West (CY)",505.68889,43577,18646,17828,"3512","35","35522","",6125,5055,2225,2000,825,1990,1250,555,185,6550
"519","3512020","CSD","Stirling-Rawdon (TP)",284.14849,4882,2029,1896,"3512","35","35522","",710,580,235,240,105,200,120,60,25,600
"520","5921007","CSD","Nanaimo (CY)",92.81128,90504,40885,39165,"5921","59","59938","",12665,8350,3655,3480,1215,4495,2835,1290,370,19870
"521","5921008","CSD","Lantzville (DM)",27.67847,3605,1517,1452,"5921","59","59938","",590,435,180,185,70,120,80,25,10,490
"522","5921010","CSD","Nanaimo A (RDA)",62.36831,7058,3116,2990,"5921","59","59938","",1185,740,335,310,90,310,200,85,25,1160
"523","5921016","CSD","Nanaimo C (RDA)",1114.22047,2808,1097,1058,"5921","59","59938","",450,345,135,155,50,85,50,30,5,345
"524","5921804","CSD","Nanaimo Town 1 (IRI)",0.20198,360,125,116,"5921","59","59938","",25,40,15,10,10,35,15,10,10,50
"525","5921805","CSD","Nanoose (IRI)",0.70555,230,86,81,"5921","59","59938","",10,20,10,5,10,30,20,10,0,40
"526","5921807","CSD","Nanaimo River (IRI)",2.29522,371,102,101,"5921","59","59938","",20,50,20,5,20,30,20,5,5,35
"527","5933035","CSD","Logan Lake (DM)",330.14583,1993,1108,941,"5933","59","59925","",410,160,75,60,30,80,50,20,10,365
"528","5933039","CSD","Thompson-Nicola J (Copper Desert Country) (RDA)",3378.75564,1580,998,683,"5933","59","59925","",315,160,60,70,30,40,30,10,0,230
"529","5933042","CSD","Kamloops (CY)",316.75682,90280,39081,36814,"5933","59","59925","",11670,9565,3945,4180,1445,4170,2615,1215,340,17515
"530","5933044","CSD","Thompson-Nicola P (Rivers and the Peaks) (RDA)",1598.67055,3672,1738,1534,"5933","59","59925","",725,385,175,155,55,110,70,30,5,490
"531","5933045","CSD","Sun Peaks Mountain (VL)",40.86749,616,1146,290,"5933","59","59925","",125,50,25,20,5,15,10,5,0,145
"532","5933054","CSD","Chase (VL)",4.43372,2286,1169,1089,"5933","59","59925","",465,175,80,65,20,70,40,20,10,460
"533","5933877","CSD","Whispering Pines 4 (IRI)",6.18254,59,18,18,"5933","59","59925","",5,10,5,0,0,5,5,0,0,5
"534","5933880","CSD","Kamloops 1 (IRI)",140.21797,3021,1518,1382,"5933","59","59925","",530,265,130,105,30,165,95,55,15,565
"535","5933884","CSD","Sahhaltkum 4 (IRI)",13.43143,304,119,106,"5933","59","59925","",25,35,15,5,15,35,25,10,5,30
"536","1303004","CSD","Gladstone (P)",364.31877,452,239,192,"1303","13","13320","",65,55,20,25,5,20,10,10,0,65
"537","1303005","CSD","Tracy (VL)",29.7123,608,262,247,"1303","13","13320","",90,70,40,20,15,25,15,5,0,80
"538","1303008","CSD","Lincoln (P)",165.74136,7177,3019,2936,"1303","13","13320","",960,950,465,370,110,325,205,95,25,955
"539","1303016","CSD","Maugerville (P)",930.87039,1831,765,731,"1303","13","13320","",255,250,115,115,20,70,45,20,5,230
"540","1310001","CSD","New Maryland (P)",388.08799,2606,998,975,"1310","13","13320","",365,395,170,180,50,85,55,30,5,215
"541","1310002","CSD","New Maryland (VL)",21.33883,4174,1513,1499,"1310","13","13320","",520,670,240,320,115,105,65,35,10,295
"542","1310004","CSD","Manners Sutton (P)",570.39633,1777,1123,762,"1310","13","13320","",320,210,95,80,40,50,40,5,5,215
"543","1310005","CSD","Harvey (VL)",2.45489,358,158,150,"1310","13","13320","",55,40,15,15,5,15,5,5,5,50
"544","1310017","CSD","Hanwell (RCR)",152.74067,4750,1856,1740,"1310","13","13320","",620,710,265,325,120,150,90,50,10,380
"545","1310018","CSD","Kingsclear (P)",167.21481,2822,1069,1043,"1310","13","13320","",435,385,155,165,65,95,50,30,10,205
"546","1310019","CSD","Kingsclear 6 (IRI)",3.81049,493,186,185,"1310","13","13320","",25,35,15,10,10,75,45,15,15,80
"547","1310021","CSD","Queensbury (P)",312.93697,1174,587,514,"1310","13","13320","",215,135,70,55,10,40,35,5,5,165
"548","1310026","CSD","Bright (P)",417.99149,3289,1440,1292,"1310","13","13320","",495,415,175,170,70,140,80,40,20,345
"549","1310028","CSD","Douglas (P)",1456.56954,6154,2546,2365,"1310","13","13320","",900,830,365,335,130,230,135,75,25,635
"550","1310031","CSD","Saint Marys (P)",755.42018,4837,1944,1866,"1310","13","13320","",655,670,280,290,100,185,120,50,25,515
"551","1310032","CSD","Fredericton (C)",139.37817,58220,28431,25957,"1310","13","13320","",7410,5895,2575,2450,870,2685,1760,710,215,13425
"552","1310034","CSD","Devon 30 (IRI)",2.72448,1038,323,318,"1310","13","13320","",50,120,40,35,50,105,60,25,15,125
"553","5909020","CSD","Chilliwack (CY)",281.54488,83788,34038,32440,"5909","59","59930","",10185,9640,3435,3925,2285,3850,2330,1085,435,13415
"554","5909027","CSD","Harrison Hot Springs (VL)",7.33071,1468,928,719,"5909","59","59930","",330,100,45,45,10,40,25,10,10,290
"555","5909032","CSD","Kent (DM)",201.93779,6067,2351,2190,"5909","59","59930","",845,535,210,180,140,200,135,55,10,850
"556","5909034","CSD","Fraser Valley D (RDA)",231.07924,1529,596,524,"5909","59","59930","",205,220,75,90,55,25,15,10,0,125
"557","5909035","CSD","Fraser Valley H (RDA)",115.48557,1847,1391,862,"5909","59","59930","",340,160,80,60,25,70,50,15,0,380
"558","5909036","CSD","Fraser Valley E (RDA)",656.55016,1540,738,653,"5909","59","59930","",260,125,60,50,20,65,45,15,5,265
"559","5909821","CSD","Kwawkwawapilt 6 (IRI)",0.71457,324,200,199,"5909","59","59930","",90,5,0,0,0,5,5,0,0,105
"560","5909824","CSD","Skwah 4 (IRI)",1.19785,192,64,60,"5909","59","59930","",10,20,10,10,5,25,15,5,5,30
"561","5909825","CSD","Skwali 3 (IRI)",1.37869,10,3,3,"5909","59","59930","",NA,NA,NA,NA,NA,NA,NA,NA,NA,NA
"562","5909826","CSD","Skway 5 (IRI)",2.77424,84,34,29,"5909","59","59930","",5,5,5,5,0,15,5,0,5,20
"563","5909827","CSD","Soowahlie 14 (IRI)",4.73462,247,76,74,"5909","59","59930","",10,25,10,5,10,20,20,0,5,45
"564","5909830","CSD","Tzeachten 13 (IRI)",2.51999,2358,1205,1183,"5909","59","59930","",760,85,40,15,25,45,40,5,5,380
"565","5909831","CSD","Yakweakwioose 12 (IRI)",0.20739,44,12,12,"5909","59","59930","",5,0,0,0,0,10,5,0,0,15
"566","5909832","CSD","Seabird Island (IRI)",16.73972,767,231,228,"5909","59","59930","",50,75,25,15,30,85,45,20,20,100
"567","5909833","CSD","Scowlitz 1 (IRI)",0.8833,10,4,4,"5909","59","59930","",NA,NA,NA,NA,NA,NA,NA,NA,NA,NA
"568","5909834","CSD","Tseatah 2 (IRI)",1.03953,23,6,6,"5909","59","59930","",NA,NA,NA,NA,NA,NA,NA,NA,NA,NA
"569","5909835","CSD","Aitchelitch 9 (IRI)",0.22998,15,5,5,"5909","59","59930","",NA,NA,NA,NA,NA,NA,NA,NA,NA,NA
"570","5909837","CSD","Cheam 1 (IRI)",3.526,202,77,72,"5909","59","59930","",15,15,5,5,5,30,20,5,0,50
"571","5909838","CSD","Schelowat 1 (IRI)",0.96442,10,4,4,"5909","59","59930","",NA,NA,NA,NA,NA,NA,NA,NA,NA,NA
"572","5909844","CSD","Popkum 1 (IRI)",1.44528,10,3,3,"5909","59","59930","",NA,NA,NA,NA,NA,NA,NA,NA,NA,NA
"573","5909849","CSD","Skwahla 2 (IRI)",0.12031,0,0,0,"5909","59","59930","",NA,NA,NA,NA,NA,NA,NA,NA,NA,NA
"574","5909884","CSD","Skowkale (IRI)",0.71574,841,381,380,"5909","59","59930","",185,60,25,20,15,35,25,5,5,135
"575","5909885","CSD","Squiaala (IRI)",1.46045,136,48,46,"5909","59","59930","",10,15,5,5,10,15,10,0,5,20
"576","4808011","CSD","Red Deer (CY)",107.70313,100418,42285,39982,"4808","48","48830","",11035,11445,4390,4800,2255,4715,2870,1355,490,20170
"577","3538003","CSD","St. Clair (TP)",622.15181,14086,6243,5785,"3538","35","35562","",2250,1735,650,725,360,475,275,140,55,1610
"578","3538025","CSD","Sarnia 45 (IRI)",12.59788,639,274,255,"3538","35","35562","",50,65,20,30,20,60,30,20,5,120
"579","3538030","CSD","Sarnia (CY)",165.66537,71594,33324,31937,"3538","35","35562","",9610,7230,2980,2980,1275,3760,2270,1070,420,14020
"580","3538031","CSD","Point Edward (VL)",3.29945,2037,995,958,"3538","35","35562","",330,200,100,80,25,105,60,35,10,365
"581","3538035","CSD","Plympton-Wyoming (T)",319.13329,7795,3416,3054,"3538","35","35562","",1250,1010,360,415,230,215,130,55,30,735
"582","2449020","CSD","Lefebvre (Mï¿½)",66.22983,904,395,355,"2449","24","24447","",120,115,40,30,45,30,20,10,0,120
"583","2449025","CSD","L'Avenir (Mï¿½)",98.87897,1307,640,583,"2449","24","24447","",240,130,60,45,25,40,25,5,5,215
"584","2449030","CSD","Saint-Lucien (Mï¿½)",114.11318,1647,947,723,"2449","24","24447","",275,180,80,70,25,55,40,5,5,280
"585","2449040","CSD","Wickham (Mï¿½)",98.88182,2541,1030,999,"2449","24","24447","",300,325,125,130,75,110,55,35,15,365
"586","2449048","CSD","Saint-Germain-de-Grantham (Mï¿½)",87.67744,4917,1978,1935,"2449","24","24447","",605,635,205,300,135,205,120,60,25,635
"587","2449058","CSD","Drummondville (V)",260.31182,75423,35402,34018,"2449","24","24447","",9625,7350,2885,3130,1340,3580,2175,1065,350,15810
"588","2449070","CSD","Saint-Cyrille-de-Wendover (Mï¿½)",110.45096,4723,1838,1805,"2449","24","24447","",570,640,220,270,145,180,100,55,25,555
"589","2449075","CSD","Notre-Dame-du-Bon-Conseil (VL)",4.42708,1557,675,657,"2449","24","24447","",205,155,60,60,30,55,25,25,5,270
"590","2449080","CSD","Notre-Dame-du-Bon-Conseil (PE)",88.27374,949,442,402,"2449","24","24447","",160,100,40,45,15,45,25,15,0,130
"591","2449095","CSD","Saint-Majorique-de-Grantham (PE)",58.87568,1388,514,506,"2449","24","24447","",155,210,50,100,55,40,20,15,0,125
"592","2449100","CSD","Saint-Edmond-de-Grantham (PE)",48.34266,762,306,289,"2449","24","24447","",95,110,40,45,25,20,5,10,5,90
"593","5953023","CSD","Prince George (CY)",330.41576,74003,32098,30236,"5953","59","59970","",8530,8045,3225,3430,1385,3970,2460,1075,435,14730
"594","5953038","CSD","Fraser-Fort George A (RDA)",1447.85912,3463,1536,1324,"5953","59","59970","",565,450,185,185,85,90,50,25,5,345
"595","5953042","CSD","Fraser-Fort George C (RDA)",2857.12478,3527,1354,1284,"5953","59","59970","",545,485,185,195,105,90,55,25,5,300
"596","5953044","CSD","Fraser-Fort George D (RDA)",681.01389,4278,1785,1678,"5953","59","59970","",700,515,185,230,100,145,85,45,15,500
"597","5953048","CSD","Fraser-Fort George F (RDA)",12706.35073,1246,586,542,"5953","59","59970","",210,135,60,50,25,50,35,10,5,190
"598","5953801","CSD","Fort George (Shelley) 2 (IRI)",5.70406,105,35,31,"5953","59","59970","",5,15,5,5,5,15,5,5,0,15
"599","2446078","CSD","Bromont (V)",115.60316,9041,5198,3953,"2446","24","24450","",1375,1005,350,450,200,360,195,135,30,1385
"600","2447010","CSD","Saint-Alphonse-de-Granby (Mï¿½)",50.45715,3094,1160,1142,"2447","24","24450","",385,440,140,210,90,125,70,40,15,275
"601","2447017","CSD","Granby (V)",155.31842,66222,30880,29948,"2447","24","24450","",8990,6330,2430,2605,1295,3110,1920,900,290,13520
"602","2447047","CSD","Roxton Pond (Mï¿½)",102.80074,3809,1701,1576,"2447","24","24450","",565,455,165,195,95,140,85,40,10,525
"603","2455015","CSD","Saint-Paul-d'Abbotsford (Mï¿½)",79.76916,2890,1192,1154,"2455","24","24450","",415,335,110,145,80,105,55,35,15,420
"604","3557011","CSD","Laird (TP)",100.94318,1047,527,425,"3557","35","35590","",180,140,65,55,25,25,15,5,0,110
"605","3557051","CSD","Macdonald, Meredith and Aberdeen Additional (TP)",178.86677,1609,860,657,"3557","35","35590","",245,200,90,65,45,60,35,20,10,195
"606","3557061","CSD","Sault Ste. Marie (CY)",224.02108,73368,34485,32634,"3557","35","35590","",9470,7655,3485,3150,1025,4180,2715,1080,390,14180
"607","3557066","CSD","Prince (TP)",86.31442,1010,459,403,"3557","35","35590","",185,135,55,65,15,25,15,10,0,85
"608","3557074","CSD","Garden River 14 (IRI)",226.63121,1125,438,411,"3557","35","35590","",75,130,50,50,30,110,65,25,20,160
"609","3557075","CSD","Rankin Location 15D (IRI)",15.65489,0,0,0,"3557","35","35590","",NA,NA,NA,NA,NA,NA,NA,NA,NA,NA
"610","4801003","CSD","Cypress County (MD)",13494.7856,7662,3222,2689,"4801","48","48805","",1035,1075,350,460,260,150,85,45,30,585
"611","4801006","CSD","Medicine Hat (CY)",119.74271,63260,27970,26652,"4801","48","48805","",8355,6695,2580,2835,1280,2990,1765,855,370,11370
"612","4801018","CSD","Redcliff (T)",16.41716,5600,2232,2159,"4801","48","48805","",720,700,245,295,155,245,135,75,35,730
"613","4816037","CSD","Wood Buffalo (SM)",66539.34709,71589,30713,25659,"4816","48","48860","",6230,8905,3500,3630,1775,2630,1515,750,355,17490
"614","4816817","CSD","Janvier 194 (IRI)",27.42047,414,143,126,"4816","48","48860","",20,45,20,10,15,45,20,10,10,55
"615","4816821","CSD","Gregoire Lake 176 (IRI)",22.19592,191,74,62,"4816","48","48860","",10,25,10,5,5,15,5,5,5,35
"616","4816822","CSD","Gregoire Lake 176A (IRI)",1.12288,130,49,43,"4816","48","48860","",10,15,5,5,5,15,10,0,0,20
"617","4816831","CSD","Chipewyan 201A (IRI)",0.302,0,0,0,"4816","48","48860","",NA,NA,NA,NA,NA,NA,NA,NA,NA,NA
"618","4816849","CSD","Old Fort 217 (IRI)",11.91793,0,0,0,"4816","48","48860","",NA,NA,NA,NA,NA,NA,NA,NA,NA,NA
"619","4816850","CSD","Allison Bay 219 (IRI)",19.25964,127,46,38,"4816","48","48860","",10,20,5,5,10,15,10,5,5,10
"620","4816852","CSD","Dog Head 218 (IRI)",0.59295,99,49,39,"4816","48","48860","",10,10,5,0,5,10,5,5,0,25
"621","4816859","CSD","Fort Mackay (S-ï¿½)",12.78869,742,303,250,"4816","48","48860","",50,85,40,25,25,60,40,15,15,120
"622","4816861","CSD","Thabacha Náre 196A (IRI)",2.45768,28,16,8,"4816","48","48860","",NA,NA,NA,NA,NA,NA,NA,NA,NA,NA
"623","3548027","CSD","Bonfield (TP)",223.6749,1975,1052,819,"3548","35","35575","",350,220,100,90,35,80,60,20,0,260
"624","3548031","CSD","Chisholm (TP)",214.63375,1291,623,506,"3548","35","35575","",205,140,50,50,45,45,30,15,5,155
"625","3548034","CSD","East Ferris (MU)",177.76964,4750,2084,1782,"3548","35","35575","",790,615,270,260,85,130,75,35,10,410
"626","3548044","CSD","North Bay (CY)",383.79533,51553,24799,22614,"3548","35","35575","",6655,5085,2195,2080,805,2860,1835,795,230,10825
"627","3548094","CSD","Nipissing, Unorganized, North Part (NO)",4172.98828,1784,996,794,"3548","35","35575","",335,165,85,65,15,75,55,20,10,305
"628","3549060","CSD","Powassan (MU)",229.09353,3455,1381,1326,"3549","35","35575","",510,385,170,145,60,125,70,35,15,430
"629","3549066","CSD","Callander (MU)",136.24719,3863,1710,1576,"3549","35","35575","",645,475,200,220,55,110,65,35,10,470
"630","3549071","CSD","Nipissing (TP)",485.45481,1707,1051,707,"3549","35","35575","",335,185,80,75,25,45,30,15,0,190
"631","4819012","CSD","Grande Prairie (CY)",135.14565,63166,26204,23676,"4819","48","48850","",6345,7840,3055,3230,1560,2755,1655,770,330,11855
