﻿Geo Code,Geo Name,Line Number
"2401023","Les Îles-de-la-Madeleine",2
"2401042","Grosse-Île",2249
"2402005","Percé",4496
"2402010","Sainte-Thérèse-de-Gaspé",6743
"2402015","Grande-Rivière",8990
"2402028","Chandler",11237
"2402047","Port-Daniel--Gascons",13484
"2402902","Mont-Alexandre",15731
"2403005","Gaspé",17978
"2403010","Cloridorme",20225
"2403015","Petite-Vallée",22472
"2403020","Grande-Vallée",24719
"2403025","Murdochville",26966
"2403902","Rivière-Saint-Jean",29213
"2403904","Collines-du-Basque",31460
"2404005","Sainte-Madeleine-de-la-Rivière-Madeleine",33707
"2404010","Saint-Maxime-du-Mont-Louis",35954
"2404015","Mont-Saint-Pierre",38201
"2404020","Rivière-à-Claude",40448
"2404025","Marsoui",42695
"2404030","La Martre",44942
"2404037","Sainte-Anne-des-Monts",47189
"2404047","Cap-Chat",49436
"2404902","Mont-Albert",51683
"2404904","Coulée-des-Adolphe",53930
"2405010","Shigawake",56177
"2405015","Saint-Godefroi",58424
"2405020","Hope Town",60671
"2405025","Hope",62918
"2405032","Paspébiac",65165
"2405040","New Carlisle",67412
"2405045","Bonaventure",69659
"2405050","Saint-Elzéar",71906
"2405055","Saint-Siméon",74153
"2405060","Caplan",76400
"2405065","Saint-Alphonse",78647
"2405070","New Richmond",80894
"2405077","Cascapédia--Saint-Jules",83141
"2405902","Rivière-Bonaventure",85388
"2406005","Maria",87635
"2406013","Carleton-sur-Mer",89882
"2406020","Nouvelle",92129
"2406025","Escuminac",94376
"2406030","Pointe-à-la-Croix",96623
"2406035","Ristigouche-Partie-Sud-Est",98870
"2406040","Saint-André-de-Restigouche",101117
"2406045","Matapédia",103364
"2406050","Saint-Alexis-de-Matapédia",105611
"2406055","Saint-François-d'Assise",107858
"2406060","L'Ascension-de-Patapédia",110105
"2406802","Gesgapegiag",112352
"2406804","Listuguj",114599
"2406902","Rivière-Nouvelle",116846
"2406904","Ruisseau-Ferguson",119093
"2407005","Sainte-Marguerite-Marie",121340
"2407010","Sainte-Florence",123587
"2407018","Causapscal",125834
"2407025","Albertville",128081
"2407030","Saint-Léon-le-Grand",130328
"2407035","Saint-Zénon-du-Lac-Humqui",132575
"2407040","Sainte-Irène",134822
"2407047","Amqui",137069
"2407057","Lac-au-Saumon",139316
"2407065","Saint-Alexandre-des-Lacs",141563
"2407070","Saint-Tharcisius",143810
"2407075","Saint-Vianney",146057
"2407080","Val-Brillant",148304
"2407085","Sayabec",150551
"2407090","Saint-Cléophas",152798
"2407095","Saint-Moïse",155045
"2407100","Saint-Noël",157292
"2407105","Saint-Damase",159539
"2407902","Routhierville",161786
"2407904","Rivière-Vaseuse",164033
"2407906","Rivière-Patapédia-Est",166280
"2407908","Lac-Casault",168527
"2407910","Ruisseau-des-Mineurs",170774
"2407912","Lac-Alfred",173021
"2407914","Lac-Matapédia",175268
"2408005","Les Méchins",177515
"2408010","Saint-Jean-de-Cherbourg",179762
"2408015","Grosses-Roches",182009
"2408023","Sainte-Félicité",184256
"2408030","Saint-Adelme",186503
"2408035","Saint-René-de-Matane",188750
"2408040","Sainte-Paule",190997
"2408053","Matane",193244
"2408065","Saint-Léandre",195491
"2408073","Saint-Ulric",197738
"2408080","Baie-des-Sables",199985
"2408902","Rivière-Bonjour",202232
"2409005","La Rédemption",204479
"2409010","Saint-Charles-Garnier",206726
"2409015","Les Hauteurs",208973
"2409020","Sainte-Jeanne-d'Arc",211220
"2409025","Saint-Gabriel-de-Rimouski",213467
"2409030","Saint-Donat",215714
"2409035","Sainte-Angèle-de-Mérici",217961
"2409040","Padoue",220208
"2409048","Métis-sur-Mer",222455
"2409055","Saint-Octave-de-Métis",224702
"2409060","Grand-Métis",226949
"2409065","Price",229196
"2409070","Saint-Joseph-de-Lepage",231443
"2409077","Mont-Joli",233690
"2409085","Sainte-Flavie",235937
"2409092","Sainte-Luce",238184
"2409902","Lac-des-Eaux-Mortes",240431
"2409904","Lac-à-la-Croix",242678
"2410005","Esprit-Saint",244925
"2410010","La Trinité-des-Monts",247172
"2410015","Saint-Narcisse-de-Rimouski",249419
"2410025","Saint-Marcellin",251666
"2410030","Saint-Anaclet-de-Lessard",253913
"2410043","Rimouski",256160
"2410060","Saint-Valérien",258407
"2410070","Saint-Fabien",260654
"2410075","Saint-Eugène-de-Ladrière",262901
"2410902","Lac-Huron",265148
"2411005","Saint-Clément",267395
"2411010","Saint-Jean-de-Dieu",269642
"2411015","Sainte-Rita",271889
"2411020","Saint-Guy",274136
"2411025","Saint-Médard",276383
"2411030","Sainte-Françoise",278630
"2411035","Saint-Éloi",280877
"2411040","Trois-Pistoles",283124
"2411045","Notre-Dame-des-Neiges",285371
"2411050","Saint-Mathieu-de-Rioux",287618
"2411055","Saint-Simon",289865
"2411902","Lac-Boisbouscache",292112
"2412005","Saint-Cyprien",294359
"2412010","Saint-Hubert-de-Rivière-du-Loup",296606
"2412015","Saint-Antonin",298853
"2412020","Saint-Modeste",301100
"2412025","Saint-François-Xavier-de-Viger",303347
"2412030","Saint-Épiphane",305594
"2412035","Saint-Paul-de-la-Croix",307841
"2412043","L'Isle-Verte",310088
"2412045","Notre-Dame-des-Sept-Douleurs",312335
"2412057","Cacouna",314582
"2412065","Saint-Arsène",316829
"2412072","Rivière-du-Loup",319076
"2412080","Notre-Dame-du-Portage",321323
"2413005","Dégelis",323570
"2413010","Saint-Jean-de-la-Lande",325817
"2413015","Packington",328064
"2413020","Saint-Marc-du-Lac-Long",330311
"2413025","Rivière-Bleue",332558
"2413030","Saint-Eusèbe",334805
"2413040","Saint-Juste-du-Lac",337052
"2413045","Auclair",339299
"2413050","Lejeune",341546
"2413055","Biencourt",343793
"2413060","Lac-des-Aigles",346040
"2413065","Saint-Michel-du-Squatec",348287
"2413073","Témiscouata-sur-le-Lac",350534
"2413075","Saint-Pierre-de-Lamy",352781
"2413080","Saint-Louis-du-Ha! Ha!",355028
"2413085","Saint-Elzéar-de-Témiscouata",357275
"2413090","Saint-Honoré-de-Témiscouata",359522
"2413095","Pohénégamook",361769
"2413100","Saint-Athanase",364016
"2414005","Mont-Carmel",366263
"2414010","Saint-Bruno-de-Kamouraska",368510
"2414018","Saint-Pascal",370757
"2414025","Sainte-Hélène-de-Kamouraska",373004
"2414030","Saint-Joseph-de-Kamouraska",375251
"2414035","Saint-Alexandre-de-Kamouraska",377498
"2414040","Saint-André",379745
"2414045","Saint-Germain",381992
"2414050","Kamouraska",384239
"2414055","Saint-Denis-De La Bouteillerie",386486
"2414060","Saint-Philippe-de-Néri",388733
"2414065","Rivière-Ouelle",390980
"2414070","Saint-Pacôme",393227
"2414075","Saint-Gabriel-Lalemant",395474
"2414080","Saint-Onésime-d'Ixworth",397721
"2414085","La Pocatière",399968
"2414090","Sainte-Anne-de-la-Pocatière",402215
"2414902","Picard",404462
"2414904","Petit-Lac-Sainte-Anne",406709
"2415005","Saint-Irénée",408956
"2415013","La Malbaie",411203
"2415025","Notre-Dame-des-Monts",413450
"2415030","Saint-Aimé-des-Lacs",415697
"2415035","Clermont",417944
"2415058","Saint-Siméon",420191
"2415065","Baie-Sainte-Catherine",422438
"2415902","Mont-Élie",424685
"2415904","Sagard",426932
"2416005","Petite-Rivière-Saint-François",429179
"2416013","Baie-Saint-Paul",431426
"2416023","L'Isle-aux-Coudres",433673
"2416048","Les Éboulements",435920
"2416050","Saint-Hilarion",438167
"2416055","Saint-Urbain",440414
"2416902","Lac-Pikauba",442661
"2417005","Saint-Omer",444908
"2417010","Saint-Pamphile",447155
"2417015","Saint-Adalbert",449402
"2417020","Saint-Marcel",451649
"2417025","Sainte-Félicité",453896
"2417030","Sainte-Perpétue",456143
"2417035","Tourville",458390
"2417040","Saint-Damase-de-L'Islet",460637
"2417045","Saint-Cyrille-de-Lessard",462884
"2417055","Saint-Aubert",465131
"2417060","Sainte-Louise",467378
"2417065","Saint-Roch-des-Aulnaies",469625
"2417070","Saint-Jean-Port-Joli",471872
"2417078","L'Islet",474119
"2418005","Saint-Just-de-Bretenières",476366
"2418010","Lac-Frontière",478613
"2418015","Saint-Fabien-de-Panet",480860
"2418020","Sainte-Lucie-de-Beauregard",483107
"2418025","Sainte-Apolline-de-Patton",485354
"2418030","Saint-Paul-de-Montminy",487601
"2418035","Sainte-Euphémie-sur-Rivière-du-Sud",489848
"2418040","Notre-Dame-du-Rosaire",492095
"2418045","Cap-Saint-Ignace",494342
"2418050","Montmagny",496589
"2418055","Saint-Pierre-de-la-Rivière-du-Sud",498836
"2418060","Saint-François-de-la-Rivière-du-Sud",501083
"2418065","Berthier-sur-Mer",503330
"2418070","Saint-Antoine-de-l'Isle-aux-Grues",505577
"2419005","Saint-Philémon",507824
"2419010","Notre-Dame-Auxiliatrice-de-Buckland",510071
"2419015","Saint-Nazaire-de-Dorchester",512318
"2419020","Saint-Léon-de-Standon",514565
"2419025","Saint-Malachie",516812
"2419030","Saint-Damien-de-Buckland",519059
"2419037","Armagh",521306
"2419045","Saint-Nérée-de-Bellechasse",523553
"2419050","Saint-Lazare-de-Bellechasse",525800
"2419055","Sainte-Claire",528047
"2419062","Saint-Anselme",530294
"2419068","Saint-Henri",532541
"2419070","Honfleur",534788
"2419075","Saint-Gervais",537035
"2419082","Saint-Raphaël",539282
"2419090","La Durantaye",541529
"2419097","Saint-Charles-de-Bellechasse",543776
"2419105","Beaumont",546023
"2419110","Saint-Michel-de-Bellechasse",548270
"2419117","Saint-Vallier",550517
"2420005","Saint-François-de-l'Île-d'Orléans",552764
"2420010","Sainte-Famille",555011
"2420015","Saint-Jean-de-l'Île-d'Orléans",557258
"2420020","Saint-Laurent-de-l'Île-d'Orléans",559505
"2420025","Saint-Pierre-de-l'Île-d'Orléans",561752
"2420030","Sainte-Pétronille",563999
"2421005","Saint-Tite-des-Caps",566246
"2421010","Saint-Ferréol-les-Neiges",568493
"2421015","Saint-Louis-de-Gonzague-du-Cap-Tourmente",570740
"2421020","Saint-Joachim",572987
"2421025","Beaupré",575234
"2421030","Sainte-Anne-de-Beaupré",577481
"2421035","Château-Richer",579728
"2421040","L'Ange-Gardien",581975
"2421045","Boischatel",584222
"2421902","Sault-au-Cochon",586469
"2421904","Lac-Jacques-Cartier",588716
"2422005","Sainte-Catherine-de-la-Jacques-Cartier",590963
"2422010","Fossambault-sur-le-Lac",593210
"2422015","Lac-Saint-Joseph",595457
"2422020","Shannon",597704
"2422025","Saint-Gabriel-de-Valcartier",599951
"2422030","Lac-Delage",602198
"2422035","Stoneham-et-Tewkesbury",604445
"2422040","Lac-Beauport",606692
"2422045","Sainte-Brigitte-de-Laval",608939
"2422902","Lac-Croche",611186
"2423015","Notre-Dame-des-Anges",613433
"2423027","Québec",615680
"2423057","L'Ancienne-Lorette",617927
"2423072","Saint-Augustin-de-Desmaures",620174
"2423802","Wendake",622421
"2425213","Lévis",624668
"2426005","Frampton",626915
"2426010","Saints-Anges",629162
"2426015","Vallée-Jonction",631409
"2426022","Saint-Elzéar",633656
"2426030","Sainte-Marie",635903
"2426035","Sainte-Marguerite",638150
"2426040","Sainte-Hénédine",640397
"2426048","Scott",642644
"2426055","Saint-Bernard",644891
"2426063","Saint-Isidore",647138
"2426070","Saint-Lambert-de-Lauzon",649385
"2427008","Saint-Victor",651632
"2427015","Saint-Alfred",653879
"2427028","Beauceville",656126
"2427035","Saint-Odilon-de-Cranbourne",658373
"2427043","Saint-Joseph-de-Beauce",660620
"2427050","Saint-Joseph-des-Érables",662867
"2427055","Saint-Jules",665114
"2427060","Tring-Jonction",667361
"2427065","Saint-Frédéric",669608
"2427070","Saint-Séverin",671855
"2428005","Saint-Zacharie",674102
"2428015","Sainte-Aurélie",676349
"2428020","Saint-Prosper",678596
"2428025","Saint-Benjamin",680843
"2428030","Sainte-Rose-de-Watford",683090
"2428035","Saint-Louis-de-Gonzague",685337
"2428040","Saint-Cyprien",687584
"2428045","Sainte-Justine",689831
"2428053","Lac-Etchemin",692078
"2428060","Saint-Luc-de-Bellechasse",694325
"2428065","Sainte-Sabine",696572
"2428070","Saint-Camille-de-Lellis",698819
"2428075","Saint-Magloire",701066
"2429005","Saint-Théophile",703313
"2429013","Saint-Gédéon-de-Beauce",705560
"2429020","Saint-Hilaire-de-Dorset",707807
"2429025","Saint-Évariste-de-Forsyth",710054
"2429030","La Guadeloupe",712301
"2429038","Saint-Honoré-de-Shenley",714548
"2429045","Saint-Martin",716795
"2429050","Saint-René",719042
"2429057","Saint-Côme--Linière",721289
"2429065","Saint-Philibert",723536
"2429073","Saint-Georges",725783
"2429095","Lac-Poulin",728030
"2429100","Saint-Benoît-Labre",730277
"2429112","Saint-Éphrem-de-Beauce",732524
"2429120","Notre-Dame-des-Pins",734771
"2429125","Saint-Simon-les-Mines",737018
"2430005","Saint-Augustin-de-Woburn",739265
"2430010","Notre-Dame-des-Bois",741512
"2430015","Val-Racine",743759
"2430020","Piopolis",746006
"2430025","Frontenac",748253
"2430030","Lac-Mégantic",750500
"2430035","Marston",752747
"2430040","Milan",754994
"2430045","Nantes",757241
"2430050","Sainte-Cécile-de-Whitton",759488
"2430055","Audet",761735
"2430070","Saint-Robert-Bellarmin",763982
"2430072","Saint-Ludger",766229
"2430080","Lac-Drolet",768476
"2430085","Saint-Sébastien",770723
"2430090","Courcelles",772970
"2430095","Lambton",775217
"2430100","Saint-Romain",777464
"2430105","Stornoway",779711
"2430110","Stratford",781958
"2431008","Beaulac-Garthby",784205
"2431015","Disraeli",786452
"2431020","Disraeli",788699
"2431025","Saint-Jacques-le-Majeur-de-Wolfestown",790946
"2431030","Saint-Fortunat",793193
"2431035","Saint-Julien",795440
"2431040","Irlande",797687
"2431045","Saint-Joseph-de-Coleraine",799934
"2431050","Sainte-Praxède",802181
"2431056","Adstock",804428
"2431060","Sainte-Clotilde-de-Beauce",806675
"2431084","Thetford Mines",808922
"2431095","Saint-Adrien-d'Irlande",811169
"2431100","Saint-Jean-de-Brébeuf",813416
"2431105","Kinnear's Mills",815663
"2431122","East Broughton",817910
"2431130","Sacré-Coeur-de-Jésus",820157
"2431135","Saint-Pierre-de-Broughton",822404
"2431140","Saint-Jacques-de-Leeds",824651
"2432013","Saint-Ferdinand",826898
"2432023","Sainte-Sophie-d'Halifax",829145
"2432033","Princeville",831392
"2432040","Plessisville",833639
"2432045","Plessisville",835886
"2432050","Saint-Pierre-Baptiste",838133
"2432058","Inverness",840380
"2432065","Lyster",842627
"2432072","Laurierville",844874
"2432080","Notre-Dame-de-Lourdes",847121
"2432085","Villeroy",849368
"2433007","Saint-Sylvestre",851615
"2433017","Sainte-Agathe-de-Lotbinière",853862
"2433025","Saint-Patrice-de-Beaurivage",856109
"2433030","Saint-Narcisse-de-Beaurivage",858356
"2433035","Saint-Gilles",860603
"2433040","Dosquet",862850
"2433045","Saint-Agapit",865097
"2433052","Saint-Flavien",867344
"2433060","Laurier-Station",869591
"2433065","Saint-Janvier-de-Joly",871838
"2433070","Val-Alain",874085
"2433080","Saint-Édouard-de-Lotbinière",876332
"2433085","Notre-Dame-du-Sacré-Coeur-d'Issoudun",878579
"2433090","Saint-Apollinaire",880826
"2433095","Saint-Antoine-de-Tilly",883073
"2433102","Sainte-Croix",885320
"2433115","Lotbinière",887567
"2433123","Leclercville",889814
"2434007","Neuville",892061
"2434017","Pont-Rouge",894308
"2434025","Donnacona",896555
"2434030","Cap-Santé",898802
"2434038","Saint-Basile",901049
"2434048","Portneuf",903296
"2434058","Deschambault-Grondines",905543
"2434060","Saint-Gilbert",907790
"2434065","Saint-Marc-des-Carrières",910037
"2434078","Saint-Casimir",912284
"2434085","Saint-Thuribe",914531
"2434090","Saint-Ubalde",916778
"2434097","Saint-Alban",919025
"2434105","Sainte-Christine-d'Auvergne",921272
"2434115","Saint-Léonard-de-Portneuf",923519
"2434120","Lac-Sergent",925766
"2434128","Saint-Raymond",928013
"2434135","Rivière-à-Pierre",930260
"2434902","Lac-Blanc",932507
"2434904","Linton",934754
"2434906","Lac-Lapeyrère",937001
"2435005","Notre-Dame-de-Montauban",939248
"2435010","Lac-aux-Sables",941495
"2435015","Saint-Adelphe",943742
"2435020","Saint-Séverin",945989
"2435027","Saint-Tite",948236
"2435035","Hérouxville",950483
"2435040","Grandes-Piles",952730
"2435045","Saint-Roch-de-Mékinac",954977
"2435050","Sainte-Thècle",957224
"2435055","Trois-Rives",959471
"2435902","Lac-Masketsi",961718
"2435904","Lac-Normand",963965
"2435906","Rivière-de-la-Savane",966212
"2435908","Lac-Boulé",968459
"2436033","Shawinigan",970706
"2437067","Trois-Rivières",972953
"2437205","Sainte-Anne-de-la-Pérade",975200
"2437210","Batiscan",977447
"2437215","Sainte-Geneviève-de-Batiscan",979694
"2437220","Champlain",981941
"2437225","Saint-Luc-de-Vincennes",984188
"2437230","Saint-Maurice",986435
"2437235","Notre-Dame-du-Mont-Carmel",988682
"2437240","Saint-Narcisse",990929
"2437245","Saint-Stanislas",993176
"2437250","Saint-Prosper-de-Champlain",995423
"2438005","Saint-Sylvère",997670
"2438010","Bécancour",999917
"2438015","Sainte-Marie-de-Blandford",1002164
"2438020","Lemieux",1004411
"2438028","Manseau",1006658
"2438035","Sainte-Françoise",1008905
"2438040","Sainte-Sophie-de-Lévrard",1011152
"2438047","Fortierville",1013399
"2438055","Parisville",1015646
"2438060","Sainte-Cécile-de-Lévrard",1017893
"2438065","Saint-Pierre-les-Becquets",1020140
"2438070","Deschaillons-sur-Saint-Laurent",1022387
"2438802","Wôlinak",1024634
"2439005","Saints-Martyrs-Canadiens",1026881
"2439010","Ham-Nord",1029128
"2439015","Notre-Dame-de-Ham",1031375
"2439020","Saint-Rémi-de-Tingwick",1033622
"2439025","Tingwick",1035869
"2439030","Chesterville",1038116
"2439035","Sainte-Hélène-de-Chester",1040363
"2439043","Saint-Norbert-d'Arthabaska",1042610
"2439060","Saint-Christophe-d'Arthabaska",1044857
"2439062","Victoriaville",1047104
"2439077","Warwick",1049351
"2439085","Saint-Albert",1051598
"2439090","Sainte-Élizabeth-de-Warwick",1053845
"2439097","Kingsey Falls",1056092
"2439105","Sainte-Séraphine",1058339
"2439117","Sainte-Clotilde-de-Horton",1060586
"2439130","Saint-Samuel",1062833
"2439135","Saint-Valère",1065080
"2439145","Saint-Rosaire",1067327
"2439150","Sainte-Anne-du-Sault",1069574
"2439155","Daveluyville",1071821
"2439165","Maddington Falls",1074068
"2439170","Saint-Louis-de-Blandford",1076315
"2440005","Ham-Sud",1078562
"2440010","Saint-Adrien",1080809
"2440017","Wotton",1083056
"2440025","Saint-Camille",1085303
"2440032","Saint-Georges-de-Windsor",1087550
"2440043","Asbestos",1089797
"2440047","Danville",1092044
"2441012","Saint-Isidore-de-Clifton",1094291
"2441020","Chartierville",1096538
"2441027","La Patrie",1098785
"2441037","Newport",1101032
"2441038","Cookshire-Eaton",1103279
"2441055","Ascot Corner",1105526
"2441060","East Angus",1107773
"2441065","Westbury",1110020
"2441070","Bury",1112267
"2441075","Hampden",1114514
"2441080","Scotstown",1116761
"2441085","Lingwick",1119008
"2441098","Weedon",1121255
"2441117","Dudswell",1123502
"2442005","Stoke",1125749
"2442020","Saint-François-Xavier-de-Brompton",1127996
"2442025","Saint-Denis-de-Brompton",1130243
"2442032","Racine",1132490
"2442040","Bonsecours",1134737
"2442045","Lawrenceville",1136984
"2442050","Sainte-Anne-de-la-Rochelle",1139231
"2442055","Valcourt",1141478
"2442060","Valcourt",1143725
"2442065","Maricourt",1145972
"2442070","Kingsbury",1148219
"2442075","Melbourne",1150466
"2442078","Ulverton",1152713
"2442088","Windsor",1154960
"2442095","Val-Joli",1157207
"2442098","Richmond",1159454
"2442100","Saint-Claude",1161701
"2442110","Cleveland",1163948
"2443027","Sherbrooke",1166195
"2444003","Saint-Malo",1168442
"2444005","Saint-Venant-de-Paquette",1170689
"2444010","East Hereford",1172936
"2444015","Saint-Herménégilde",1175183
"2444023","Dixville",1177430
"2444037","Coaticook",1179677
"2444045","Barnston-Ouest",1181924
"2444050","Stanstead-Est",1184171
"2444055","Sainte-Edwidge-de-Clifton",1186418
"2444060","Martinville",1188665
"2444071","Compton",1190912
"2444080","Waterville",1193159
"2445008","Stanstead",1195406
"2445020","Ogden",1197653
"2445025","Stanstead",1199900
"2445030","Potton",1202147
"2445035","Ayer's Cliff",1204394
"2445043","Hatley",1206641
"2445050","North Hatley",1208888
"2445055","Hatley",1211135
"2445060","Sainte-Catherine-de-Hatley",1213382
"2445072","Magog",1215629
"2445080","Saint-Benoît-du-Lac",1217876
"2445085","Austin",1220123
"2445093","Eastman",1222370
"2445095","Bolton-Est",1224617
"2445100","Saint-Étienne-de-Bolton",1226864
"2445105","Stukely-Sud",1229111
"2445115","Orford",1231358
"2446005","Abercorn",1233605
"2446010","Frelighsburg",1235852
"2446017","Saint-Armand",1238099
"2446025","Pike River",1240346
"2446030","Stanbridge Station",1242593
"2446035","Bedford",1244840
"2446040","Bedford",1247087
"2446045","Stanbridge East",1249334
"2446050","Dunham",1251581
"2446058","Sutton",1253828
"2446065","Bolton-Ouest",1256075
"2446070","Brome",1258322
"2446075","Lac-Brome",1260569
"2446078","Bromont",1262816
"2446080","Cowansville",1265063
"2446085","East Farnham",1267310
"2446090","Brigham",1269557
"2446095","Saint-Ignace-de-Stanbridge",1271804
"2446100","Notre-Dame-de-Stanbridge",1274051
"2446105","Sainte-Sabine",1276298
"2446112","Farnham",1278545
"2447010","Saint-Alphonse-de-Granby",1280792
"2447017","Granby",1283039
"2447025","Waterloo",1285286
"2447030","Warden",1287533
"2447035","Shefford",1289780
"2447040","Saint-Joachim-de-Shefford",1292027
"2447047","Roxton Pond",1294274
"2447055","Sainte-Cécile-de-Milton",1296521
"2448005","Béthanie",1298768
"2448010","Roxton Falls",1301015
"2448015","Roxton",1303262
"2448020","Sainte-Christine",1305509
"2448028","Acton Vale",1307756
"2448038","Upton",1310003
"2448045","Saint-Théodore-d'Acton",1312250
"2448050","Saint-Nazaire-d'Acton",1314497
"2449005","Saint-Félix-de-Kingsey",1316744
"2449015","Durham-Sud",1318991
"2449020","Lefebvre",1321238
"2449025","L'Avenir",1323485
"2449030","Saint-Lucien",1325732
"2449040","Wickham",1327979
"2449048","Saint-Germain-de-Grantham",1330226
"2449058","Drummondville",1332473
"2449070","Saint-Cyrille-de-Wendover",1334720
"2449075","Notre-Dame-du-Bon-Conseil",1336967
"2449080","Notre-Dame-du-Bon-Conseil",1339214
"2449085","Sainte-Brigitte-des-Saults",1341461
"2449095","Saint-Majorique-de-Grantham",1343708
"2449100","Saint-Edmond-de-Grantham",1345955
"2449105","Saint-Eugène",1348202
"2449113","Saint-Guillaume",1350449
"2449125","Saint-Bonaventure",1352696
"2449130","Saint-Pie-de-Guire",1354943
"2450005","Sainte-Eulalie",1357190
"2450013","Aston-Jonction",1359437
"2450023","Saint-Wenceslas",1361684
"2450030","Saint-Célestin",1363931
"2450035","Saint-Célestin",1366178
"2450042","Saint-Léonard-d'Aston",1368425
"2450050","Sainte-Perpétue",1370672
"2450057","Sainte-Monique",1372919
"2450065","Grand-Saint-Esprit",1375166
"2450072","Nicolet",1377413
"2450085","La Visitation-de-Yamaska",1379660
"2450090","Saint-Zéphirin-de-Courval",1381907
"2450095","Saint-Elphège",1384154
"2450100","Baie-du-Febvre",1386401
"2450113","Pierreville",1388648
"2450128","Saint-François-du-Lac",1390895
"2450802","Odanak",1393142
"2451008","Maskinongé",1395389
"2451015","Louiseville",1397636
"2451020","Yamachiche",1399883
"2451025","Saint-Barnabé",1402130
"2451030","Saint-Sévère",1404377
"2451035","Saint-Léon-le-Grand",1406624
"2451040","Sainte-Ursule",1408871
"2451045","Saint-Justin",1411118
"2451050","Saint-Édouard-de-Maskinongé",1413365
"2451055","Sainte-Angèle-de-Prémont",1415612
"2451060","Saint-Paulin",1417859
"2451065","Saint-Alexis-des-Monts",1420106
"2451070","Saint-Mathieu-du-Parc",1422353
"2451075","Saint-Élie-de-Caxton",1424600
"2451080","Charette",1426847
"2451085","Saint-Boniface",1429094
"2451090","Saint-Étienne-des-Grès",1431341
"2452007","Lavaltrie",1433588
"2452017","Lanoraie",1435835
"2452030","Sainte-Élisabeth",1438082
"2452035","Berthierville",1440329
"2452040","Sainte-Geneviève-de-Berthier",1442576
"2452045","Saint-Ignace-de-Loyola",1444823
"2452050","La Visitation-de-l'Île-Dupas",1447070
"2452055","Saint-Barthélemy",1449317
"2452062","Saint-Cuthbert",1451564
"2452070","Saint-Norbert",1453811
"2452075","Saint-Cléophas-de-Brandon",1456058
"2452080","Saint-Gabriel",1458305
"2452085","Saint-Gabriel-de-Brandon",1460552
"2452090","Saint-Didace",1462799
"2452095","Mandeville",1465046
"2453005","Saint-David",1467293
"2453010","Massueville",1469540
"2453015","Saint-Aimé",1471787
"2453020","Saint-Robert",1474034
"2453025","Sainte-Victoire-de-Sorel",1476281
"2453032","Saint-Ours",1478528
"2453040","Saint-Roch-de-Richelieu",1480775
"2453050","Saint-Joseph-de-Sorel",1483022
"2453052","Sorel-Tracy",1485269
"2453065","Sainte-Anne-de-Sorel",1487516
"2453072","Yamaska",1489763
"2453085","Saint-Gérard-Majella",1492010
"2454008","Saint-Pie",1494257
"2454017","Saint-Damase",1496504
"2454025","Sainte-Madeleine",1498751
"2454030","Sainte-Marie-Madeleine",1500998
"2454035","La Présentation",1503245
"2454048","Saint-Hyacinthe",1505492
"2454060","Saint-Dominique",1507739
"2454065","Saint-Valérien-de-Milton",1509986
"2454072","Saint-Liboire",1512233
"2454090","Saint-Simon",1514480
"2454095","Sainte-Hélène-de-Bagot",1516727
"2454100","Saint-Hugues",1518974
"2454105","Saint-Barnabé-Sud",1521221
"2454110","Saint-Jude",1523468
"2454115","Saint-Bernard-de-Michaudville",1525715
"2454120","Saint-Louis",1527962
"2454125","Saint-Marcel-de-Richelieu",1530209
"2455008","Ange-Gardien",1532456
"2455015","Saint-Paul-d'Abbotsford",1534703
"2455023","Saint-Césaire",1536950
"2455030","Sainte-Angèle-de-Monnoir",1539197
"2455037","Rougemont",1541444
"2455048","Marieville",1543691
"2455057","Richelieu",1545938
"2455065","Saint-Mathias-sur-Richelieu",1548185
"2456005","Venise-en-Québec",1550432
"2456010","Saint-Georges-de-Clarenceville",1552679
"2456015","Noyan",1554926
"2456023","Lacolle",1557173
"2456030","Saint-Valentin",1559420
"2456035","Saint-Paul-de-l'Île-aux-Noix",1561667
"2456042","Henryville",1563914
"2456050","Saint-Sébastien",1566161
"2456055","Saint-Alexandre",1568408
"2456060","Sainte-Anne-de-Sabrevois",1570655
"2456065","Saint-Blaise-sur-Richelieu",1572902
"2456083","Saint-Jean-sur-Richelieu",1575149
"2456097","Mont-Saint-Grégoire",1577396
"2456105","Sainte-Brigide-d'Iberville",1579643
"2457005","Chambly",1581890
"2457010","Carignan",1584137
"2457020","Saint-Basile-le-Grand",1586384
"2457025","McMasterville",1588631
"2457030","Otterburn Park",1590878
"2457033","Saint-Jean-Baptiste",1593125
"2457035","Mont-Saint-Hilaire",1595372
"2457040","Beloeil",1597619
"2457045","Saint-Mathieu-de-Beloeil",1599866
"2457050","Saint-Marc-sur-Richelieu",1602113
"2457057","Saint-Charles-sur-Richelieu",1604360
"2457068","Saint-Denis-sur-Richelieu",1606607
"2457075","Saint-Antoine-sur-Richelieu",1608854
"2458007","Brossard",1611101
"2458012","Saint-Lambert",1613348
"2458033","Boucherville",1615595
"2458037","Saint-Bruno-de-Montarville",1617842
"2458227","Longueuil",1620089
"2459010","Sainte-Julie",1622336
"2459015","Saint-Amable",1624583
"2459020","Varennes",1626830
"2459025","Verchères",1629077
"2459030","Calixa-Lavallée",1631324
"2459035","Contrecoeur",1633571
"2460005","Charlemagne",1635818
"2460013","Repentigny",1638065
"2460020","Saint-Sulpice",1640312
"2460028","L'Assomption",1642559
"2460035","L'Épiphanie",1644806
"2460040","L'Épiphanie",1647053
"2461005","Saint-Paul",1649300
"2461013","Crabtree",1651547
"2461020","Saint-Pierre",1653794
"2461025","Joliette",1656041
"2461027","Saint-Thomas",1658288
"2461030","Notre-Dame-des-Prairies",1660535
"2461035","Saint-Charles-Borromée",1662782
"2461040","Saint-Ambroise-de-Kildare",1665029
"2461045","Notre-Dame-de-Lourdes",1667276
"2461050","Sainte-Mélanie",1669523
"2462007","Saint-Félix-de-Valois",1671770
"2462015","Saint-Jean-de-Matha",1674017
"2462020","Sainte-Béatrix",1676264
"2462025","Saint-Alphonse-Rodriguez",1678511
"2462030","Sainte-Marcelline-de-Kildare",1680758
"2462037","Rawdon",1683005
"2462047","Chertsey",1685252
"2462053","Entrelacs",1687499
"2462055","Notre-Dame-de-la-Merci",1689746
"2462060","Saint-Donat",1691993
"2462065","Saint-Côme",1694240
"2462070","Sainte-Émélie-de-l'Énergie",1696487
"2462075","Saint-Damien",1698734
"2462080","Saint-Zénon",1700981
"2462085","Saint-Michel-des-Saints",1703228
"2462802","Manawan",1705475
"2462902","Lac-Minaki",1707722
"2462904","Lac-Devenyns",1709969
"2462906","Baie-de-la-Bouteille",1712216
"2462908","Lac-Matawin",1714463
"2462910","Lac-Legendre",1716710
"2462912","Saint-Guillaume-Nord",1718957
"2462914","Lac-des-Dix-Milles",1721204
"2462916","Lac-Santé",1723451
"2462918","Baie-Obaoca",1725698
"2462919","Lac-Cabasta",1727945
"2462920","Baie-Atibenne",1730192
"2462922","Lac-du-Taureau",1732439
"2463005","Sainte-Marie-Salomé",1734686
"2463013","Saint-Jacques",1736933
"2463023","Saint-Alexis",1739180
"2463030","Saint-Esprit",1741427
"2463035","Saint-Roch-de-l'Achigan",1743674
"2463040","Saint-Roch-Ouest",1745921
"2463048","Saint-Lin--Laurentides",1748168
"2463055","Saint-Calixte",1750415
"2463060","Sainte-Julienne",1752662
"2463065","Saint-Liguori",1754909
"2464008","Terrebonne",1757156
"2464015","Mascouche",1759403
"2465005","Laval",1761650
"2466007","Montréal-Est",1763897
"2466023","Montréal",1766144
"2466032","Westmount",1768391
"2466047","Montréal-Ouest",1770638
"2466058","Côte-Saint-Luc",1772885
"2466062","Hampstead",1775132
"2466072","Mont-Royal",1777379
"2466087","Dorval",1779626
"2466092","L'Île-Dorval",1781873
"2466097","Pointe-Claire",1784120
"2466102","Kirkland",1786367
"2466107","Beaconsfield",1788614
"2466112","Baie-D'Urfé",1790861
"2466117","Sainte-Anne-de-Bellevue",1793108
"2466127","Senneville",1795355
"2466142","Dollard-Des Ormeaux",1797602
"2467005","Saint-Mathieu",1799849
"2467010","Saint-Philippe",1802096
"2467015","La Prairie",1804343
"2467020","Candiac",1806590
"2467025","Delson",1808837
"2467030","Sainte-Catherine",1811084
"2467035","Saint-Constant",1813331
"2467040","Saint-Isidore",1815578
"2467045","Mercier",1817825
"2467050","Châteauguay",1820072
"2467055","Léry",1822319
"2467802","Kahnawake",1824566
"2468005","Saint-Bernard-de-Lacolle",1826813
"2468010","Hemmingford",1829060
"2468015","Hemmingford",1831307
"2468020","Sainte-Clotilde",1833554
"2468025","Saint-Patrice-de-Sherrington",1835801
"2468030","Napierville",1838048
"2468035","Saint-Cyprien-de-Napierville",1840295
"2468040","Saint-Jacques-le-Mineur",1842542
"2468045","Saint-Édouard",1844789
"2468050","Saint-Michel",1847036
"2468055","Saint-Rémi",1849283
"2469005","Havelock",1851530
"2469010","Franklin",1853777
"2469017","Saint-Chrysostome",1856024
"2469025","Howick",1858271
"2469030","Très-Saint-Sacrement",1860518
"2469037","Ormstown",1862765
"2469045","Hinchinbrooke",1865012
"2469050","Elgin",1867259
"2469055","Huntingdon",1869506
"2469060","Godmanchester",1871753
"2469065","Sainte-Barbe",1874000
"2469070","Saint-Anicet",1876247
"2469075","Dundee",1878494
"2469802","Akwesasne",1880741
"2470005","Saint-Urbain-Premier",1882988
"2470012","Sainte-Martine",1885235
"2470022","Beauharnois",1887482
"2470030","Saint-Étienne-de-Beauharnois",1889729
"2470035","Saint-Louis-de-Gonzague",1891976
"2470040","Saint-Stanislas-de-Kostka",1894223
"2470052","Salaberry-de-Valleyfield",1896470
"2471005","Rivière-Beaudette",1898717
"2471015","Saint-Télesphore",1900964
"2471020","Saint-Polycarpe",1903211
"2471025","Saint-Zotique",1905458
"2471033","Les Coteaux",1907705
"2471040","Coteau-du-Lac",1909952
"2471045","Saint-Clet",1912199
"2471050","Les Cèdres",1914446
"2471055","Pointe-des-Cascades",1916693
"2471060","L'Île-Perrot",1918940
"2471065","Notre-Dame-de-l'Île-Perrot",1921187
"2471070","Pincourt",1923434
"2471075","Terrasse-Vaudreuil",1925681
"2471083","Vaudreuil-Dorion",1927928
"2471090","Vaudreuil-sur-le-Lac",1930175
"2471095","L'Île-Cadieux",1932422
"2471100","Hudson",1934669
"2471105","Saint-Lazare",1936916
"2471110","Sainte-Marthe",1939163
"2471115","Sainte-Justine-de-Newton",1941410
"2471125","Très-Saint-Rédempteur",1943657
"2471133","Rigaud",1945904
"2471140","Pointe-Fortune",1948151
"2472005","Saint-Eustache",1950398
"2472010","Deux-Montagnes",1952645
"2472015","Sainte-Marthe-sur-le-Lac",1954892
"2472020","Pointe-Calumet",1957139
"2472025","Saint-Joseph-du-Lac",1959386
"2472032","Oka",1961633
"2472043","Saint-Placide",1963880
"2472802","Kanesatake",1966127
"2473005","Boisbriand",1968374
"2473010","Sainte-Thérèse",1970621
"2473015","Blainville",1972868
"2473020","Rosemère",1975115
"2473025","Lorraine",1977362
"2473030","Bois-des-Filion",1979609
"2473035","Sainte-Anne-des-Plaines",1981856
"2474005","Mirabel",1984103
"2475005","Saint-Colomban",1986350
"2475017","Saint-Jérôme",1988597
"2475028","Sainte-Sophie",1990844
"2475040","Prévost",1993091
"2475045","Saint-Hippolyte",1995338
"2476008","Saint-André-d'Argenteuil",1997585
"2476020","Lachute",1999832
"2476025","Gore",2002079
"2476030","Mille-Isles",2004326
"2476035","Wentworth",2006573
"2476043","Brownsburg-Chatham",2008820
"2476052","Grenville-sur-la-Rouge",2011067
"2476055","Grenville",2013314
"2476065","Harrington",2015561
"2477011","Estérel",2017808
"2477012","Sainte-Marguerite-du-Lac-Masson",2020055
"2477022","Sainte-Adèle",2022302
"2477030","Piedmont",2024549
"2477035","Sainte-Anne-des-Lacs",2026796
"2477043","Saint-Sauveur",2029043
"2477050","Morin-Heights",2031290
"2477055","Lac-des-Seize-Îles",2033537
"2477060","Wentworth-Nord",2035784
"2477065","Saint-Adolphe-d'Howard",2038031
"2478005","Val-Morin",2040278
"2478010","Val-David",2042525
"2478015","Lantier",2044772
"2478020","Sainte-Lucie-des-Laurentides",2047019
"2478032","Sainte-Agathe-des-Monts",2049266
"2478042","Ivry-sur-le-Lac",2051513
"2478047","Saint-Faustin--Lac-Carré",2053760
"2478050","Barkmere",2056007
"2478055","Montcalm",2058254
"2478060","Arundel",2060501
"2478065","Huberdeau",2062748
"2478070","Amherst",2064995
"2478075","Brébeuf",2067242
"2478095","Lac-Supérieur",2069489
"2478100","Val-des-Lacs",2071736
"2478102","Mont-Tremblant",2073983
"2478115","La Conception",2076230
"2478120","Labelle",2078477
"2478127","Lac-Tremblant-Nord",2080724
"2478130","La Minerve",2082971
"2478802","Doncaster",2085218
"2479005","Notre-Dame-du-Laus",2087465
"2479010","Notre-Dame-de-Pontmain",2089712
"2479015","Lac-du-Cerf",2091959
"2479022","Saint-Aimé-du-Lac-des-Îles",2094206
"2479025","Kiamika",2096453
"2479030","Nominingue",2098700
"2479037","Rivière-Rouge",2100947
"2479047","La Macaza",2103194
"2479050","L'Ascension",2105441
"2479060","Lac-Saguay",2107688
"2479065","Chute-Saint-Philippe",2109935
"2479078","Lac-des-Écorces",2112182
"2479088","Mont-Laurier",2114429
"2479097","Ferme-Neuve",2116676
"2479105","Lac-Saint-Paul",2118923
"2479110","Mont-Saint-Michel",2121170
"2479115","Sainte-Anne-du-Lac",2123417
"2479902","Lac-de-la-Pomme",2125664
"2479904","Lac-Akonapwehikan",2127911
"2479906","Lac-Wagwabika",2130158
"2479910","Lac-Bazinet",2132405
"2479912","Lac-De La Bidière",2134652
"2479914","Lac-Oscar",2136899
"2479916","Lac-de-la-Maison-de-Pierre",2139146
"2479920","Baie-des-Chaloupes",2141393
"2479922","Lac-Douaire",2143640
"2479924","Lac-Ernest",2145887
"2479926","Lac-Marguerite",2148134
"2480005","Fassett",2150381
"2480010","Montebello",2152628
"2480015","Notre-Dame-de-Bonsecours",2154875
"2480020","Notre-Dame-de-la-Paix",2157122
"2480027","Saint-André-Avellin",2159369
"2480037","Papineauville",2161616
"2480045","Plaisance",2163863
"2480050","Thurso",2166110
"2480055","Lochaber",2168357
"2480060","Lochaber-Partie-Ouest",2170604
"2480065","Mayo",2172851
"2480070","Saint-Sixte",2175098
"2480078","Ripon",2177345
"2480085","Mulgrave-et-Derry",2179592
"2480090","Montpellier",2181839
"2480095","Lac-Simon",2184086
"2480103","Chénéville",2186333
"2480110","Namur",2188580
"2480115","Boileau",2190827
"2480125","Saint-Émile-de-Suffolk",2193074
"2480130","Lac-des-Plages",2195321
"2480135","Duhamel",2197568
"2480140","Val-des-Bois",2199815
"2480145","Bowman",2202062
"2481017","Gatineau",2204309
"2482005","L'Ange-Gardien",2206556
"2482010","Notre-Dame-de-la-Salette",2208803
"2482015","Val-des-Monts",2211050
"2482020","Cantley",2213297
"2482025","Chelsea",2215544
"2482030","Pontiac",2217791
"2482035","La Pêche",2220038
"2483005","Denholm",2222285
"2483010","Low",2224532
"2483015","Kazabazua",2226779
"2483020","Lac-Sainte-Marie",2229026
"2483032","Gracefield",2231273
"2483040","Cayamant",2233520
"2483045","Blue Sea",2235767
"2483050","Bouchette",2238014
"2483055","Sainte-Thérèse-de-la-Gatineau",2240261
"2483060","Messines",2242508
"2483065","Maniwaki",2244755
"2483070","Déléage",2247002
"2483075","Egan-Sud",2249249
"2483085","Bois-Franc",2251496
"2483088","Montcerf-Lytton",2253743
"2483090","Aumond",2255990
"2483095","Grand-Remous",2258237
"2483802","Kitigan Zibi",2260484
"2483804","Lac-Rapide",2262731
"2483902","Lac-Pythonga",2264978
"2483904","Cascades-Malignes",2267225
"2483906","Lac-Lenôtre",2269472
"2483908","Lac-Moselle",2271719
"2483912","Dépôt-Échouani",2273966
"2484005","Bristol",2276213
"2484010","Shawville",2278460
"2484015","Clarendon",2280707
"2484020","Portage-du-Fort",2282954
"2484025","Bryson",2285201
"2484030","Campbell's Bay",2287448
"2484035","L'Île-du-Grand-Calumet",2289695
"2484040","Litchfield",2291942
"2484045","Thorne",2294189
"2484050","Alleyn-et-Cawood",2296436
"2484055","Otter Lake",2298683
"2484060","Fort-Coulonge",2300930
"2484065","Mansfield-et-Pontefract",2303177
"2484070","Waltham",2305424
"2484082","L'Isle-aux-Allumettes",2307671
"2484090","Chichester",2309918
"2484095","Sheenboro",2312165
"2484100","Rapides-des-Joachims",2314412
"2484902","Lac-Nilgaut",2316659
"2485005","Témiscaming",2318906
"2485010","Kipawa",2321153
"2485015","Saint-Édouard-de-Fabre",2323400
"2485020","Béarn",2325647
"2485025","Ville-Marie",2327894
"2485030","Duhamel-Ouest",2330141
"2485037","Lorrainville",2332388
"2485045","Saint-Bruno-de-Guigues",2334635
"2485050","Laverlochère",2336882
"2485055","Fugèreville",2339129
"2485060","Latulipe-et-Gaboury",2341376
"2485065","Belleterre",2343623
"2485070","Laforce",2345870
"2485075","Moffet",2348117
"2485080","Angliers",2350364
"2485085","Saint-Eugène-de-Guigues",2352611
"2485090","Notre-Dame-du-Nord",2354858
"2485095","Guérin",2357105
"2485100","Nédélec",2359352
"2485105","Rémigny",2361599
"2485802","Kebaowek",2363846
"2485803","Hunter's Point",2366093
"2485804","Winneway",2368340
"2485806","Timiskaming",2370587
"2485905","Laniel",2372834
"2485907","Les Lacs-du-Témiscamingue",2375081
"2486042","Rouyn-Noranda",2377328
"2487005","Duparquet",2379575
"2487010","Rapide-Danseur",2381822
"2487015","Roquemaure",2384069
"2487020","Gallichan",2386316
"2487025","Palmarolle",2388563
"2487030","Sainte-Germaine-Boulé",2390810
"2487035","Poularies",2393057
"2487042","Taschereau",2395304
"2487050","Authier",2397551
"2487058","Macamic",2399798
"2487070","Sainte-Hélène-de-Mancebourg",2402045
"2487075","Clerval",2404292
"2487080","La Reine",2406539
"2487085","Dupuy",2408786
"2487090","La Sarre",2411033
"2487095","Chazel",2413280
"2487100","Authier-Nord",2415527
"2487105","Val-Saint-Gilles",2417774
"2487110","Clermont",2420021
"2487115","Normétal",2422268
"2487120","Saint-Lambert",2424515
"2487902","Lac-Duparquet",2426762
"2487904","Rivière-Ojima",2429009
"2488005","Champneuf",2431256
"2488010","Rochebaucourt",2433503
"2488015","La Morandière",2435750
"2488022","Barraute",2437997
"2488030","La Corne",2440244
"2488035","Landrienne",2442491
"2488040","Saint-Marc-de-Figuery",2444738
"2488045","La Motte",2446985
"2488050","Saint-Mathieu-d'Harricana",2449232
"2488055","Amos",2451479
"2488060","Saint-Félix-de-Dalquier",2453726
"2488065","Saint-Dominique-du-Rosaire",2455973
"2488070","Berry",2458220
"2488075","Trécesson",2460467
"2488080","Launay",2462714
"2488085","Sainte-Gertrude-Manneville",2464961
"2488090","Preissac",2467208
"2488802","Pikogan",2469455
"2488902","Lac-Despinassy",2471702
"2488904","Lac-Chicobi",2473949
"2489008","Val-d'Or",2476196
"2489010","Rivière-Héva",2478443
"2489015","Malartic",2480690
"2489040","Senneterre",2482937
"2489045","Senneterre",2485184
"2489050","Belcourt",2487431
"2489802","Kitcisakik",2489678
"2489804","Lac-Simon",2491925
"2489902","Matchi-Manitou",2494172
"2489908","Lac-Metei",2496419
"2489910","Réservoir-Dozois",2498666
"2489912","Lac-Granet",2500913
"2490012","La Tuque",2503160
"2490017","La Bostonnais",2505407
"2490027","Lac-Édouard",2507654
"2490802","Wemotaci",2509901
"2490804","Obedjiwan",2512148
"2491005","Lac-Bouchette",2514395
"2491010","Saint-André-du-Lac-Saint-Jean",2516642
"2491015","Saint-François-de-Sales",2518889
"2491020","Chambord",2521136
"2491025","Roberval",2523383
"2491030","Sainte-Hedwidge",2525630
"2491035","Saint-Prime",2527877
"2491042","Saint-Félicien",2530124
"2491050","La Doré",2532371
"2491802","Mashteuiatsh",2534618
"2491902","Lac-Ashuapmushuan",2536865
"2492005","Saint-Augustin",2539112
"2492010","Péribonka",2541359
"2492015","Sainte-Jeanne-d'Arc",2543606
"2492022","Dolbeau-Mistassini",2545853
"2492030","Albanel",2548100
"2492040","Normandin",2550347
"2492045","Saint-Thomas-Didyme",2552594
"2492050","Saint-Edmond-les-Plaines",2554841
"2492055","Girardville",2557088
"2492060","Notre-Dame-de-Lorette",2559335
"2492065","Saint-Eugène-d'Argentenay",2561582
"2492070","Saint-Stanislas",2563829
"2492902","Passes-Dangereuses",2566076
"2492904","Rivière-Mistassini",2568323
"2493005","Desbiens",2570570
"2493012","Métabetchouan--Lac-à-la-Croix",2572817
"2493020","Hébertville",2575064
"2493025","Hébertville-Station",2577311
"2493030","Saint-Bruno",2579558
"2493035","Saint-Gédéon",2581805
"2493042","Alma",2584052
"2493045","Saint-Nazaire",2586299
"2493055","Labrecque",2588546
"2493060","Lamarche",2590793
"2493065","L'Ascension-de-Notre-Seigneur",2593040
"2493070","Saint-Henri-de-Taillon",2595287
"2493075","Sainte-Monique",2597534
"2493080","Saint-Ludger-de-Milot",2599781
"2493902","Mont-Apica",2602028
"2493904","Lac-Moncouche",2604275
"2493906","Lac-Achouakan",2606522
"2493908","Belle-Rivière",2608769
"2494068","Saguenay",2611016
"2494205","Petit-Saguenay",2613263
"2494210","L'Anse-Saint-Jean",2615510
"2494215","Rivière-Éternité",2617757
"2494220","Ferland-et-Boilleau",2620004
"2494225","Saint-Félix-d'Otis",2622251
"2494230","Sainte-Rose-du-Nord",2624498
"2494235","Saint-Fulgence",2626745
"2494240","Saint-Honoré",2628992
"2494245","Saint-David-de-Falardeau",2631239
"2494250","Bégin",2633486
"2494255","Saint-Ambroise",2635733
"2494260","Saint-Charles-de-Bourget",2637980
"2494265","Larouche",2640227
"2494926","Lalemant",2642474
"2494928","Lac-Ministuk",2644721
"2494930","Mont-Valin",2646968
"2495005","Tadoussac",2649215
"2495010","Sacré-Coeur",2651462
"2495018","Les Bergeronnes",2653709
"2495025","Les Escoumins",2655956
"2495032","Longue-Rive",2658203
"2495040","Portneuf-sur-Mer",2660450
"2495045","Forestville",2662697
"2495050","Colombier",2664944
"2495802","Essipit",2667191
"2495902","Lac-au-Brochet",2669438
"2496005","Baie-Trinité",2671685
"2496010","Godbout",2673932
"2496015","Franquelin",2676179
"2496020","Baie-Comeau",2678426
"2496025","Pointe-Lebel",2680673
"2496030","Pointe-aux-Outardes",2682920
"2496035","Chute-aux-Outardes",2685167
"2496040","Ragueneau",2687414
"2496802","Pessamit",2689661
"2496902","Rivière-aux-Outardes",2691908
"2497007","Sept-Îles",2694155
"2497022","Port-Cartier",2696402
"2497035","Fermont",2698649
"2497040","Schefferville",2700896
"2497802","Uashat",2703143
"2497804","Maliotenam",2705390
"2497806","Kawawachikamach",2707637
"2497808","Matimekosh",2709884
"2497810","Lac-John",2712131
"2497902","Rivière-Nipissis",2714378
"2497904","Lac-Walker",2716625
"2497906","Rivière-Mouchalagane",2718872
"2497908","Caniapiscau",2721119
"2497912","Lac-Juillet",2723366
"2497914","Lac-Vacher",2725613
"2498005","Blanc-Sablon",2727860
"2498010","Bonne-Espérance",2730107
"2498012","Saint-Augustin",2732354
"2498014","Gros-Mécatina",2734601
"2498015","Côte-Nord-du-Golfe-du-Saint-Laurent",2736848
"2498020","L'Île-d'Anticosti",2739095
"2498025","Natashquan",2741342
"2498030","Aguanish",2743589
"2498035","Baie-Johan-Beetz",2745836
"2498040","Havre-Saint-Pierre",2748083
"2498045","Longue-Pointe-de-Mingan",2750330
"2498050","Rivière-Saint-Jean",2752577
"2498055","Rivière-au-Tonnerre",2754824
"2498802","Pakuashipi",2757071
"2498804","La Romaine",2759318
"2498806","Natashquan",2761565
"2498808","Mingan",2763812
"2498904","Lac-Jérôme",2766059
"2498912","Petit-Mécatina",2768306
"2499005","Lebel-sur-Quévillon",2770553
"2499010","Waswanipi",2772800
"2499015","Matagami",2775047
"2499020","Chapais",2777294
"2499025","Chibougamau",2779541
"2499030","Mistissini",2781788
"2499035","Waskaganish",2784035
"2499040","Nemaska",2786282
"2499045","Eastmain",2788529
"2499050","Wemindji",2790776
"2499055","Chisasibi",2793023
"2499060","Eeyou Istchee Baie-James",2795270
"2499065","Kawawachikamach",2797517
"2499070","Whapmagoostui",2799764
"2499075","Kuujjuarapik",2802011
"2499080","Umiujaq",2804258
"2499085","Inukjuak",2806505
"2499090","Kangiqsualujjuaq",2808752
"2499095","Kuujjuaq",2810999
"2499100","Tasiujaq",2813246
"2499105","Aupaluk",2815493
"2499110","Kangirsuk",2817740
"2499115","Quaqtaq",2819987
"2499120","Puvirnituq",2822234
"2499125","Akulivik",2824481
"2499130","Kangiqsujuaq",2826728
"2499135","Salluit",2828975
"2499140","Ivujivik",2831222
"2499802","Waswanipi",2833469
"2499804","Mistissini",2835716
"2499806","Waskaganish",2837963
"2499808","Nemaska",2840210
"2499810","Eastmain",2842457
"2499812","Wemindji",2844704
"2499814","Chisasibi",2846951
"2499816","Whapmagoostui",2849198
"2499818","Oujé-Bougoumou",2851445
"2499877","Kuujjuarapik",2853692
"2499878","Umiujaq",2855939
"2499879","Inukjuak",2858186
"2499883","Akulivik",2860433
"2499887","Salluit",2862680
"2499888","Kangiqsujuaq",2864927
"2499889","Quaqtaq",2867174
"2499890","Kangirsuk",2869421
"2499891","Aupaluk",2871668
"2499892","Tasiujaq",2873915
"2499893","Kuujjuaq",2876162
"2499894","Kangiqsualujjuaq",2878409
"2499895","Ivujivik",2880656
"2499902","Rivière-Koksoak",2882903
"2499904","Baie-d'Hudson",2885150
